0 0 0 0
0 1 0 0
0 2 0 0
0 3 0 0
0 4 0 0
0 5 0 0
0 6 0 0
0 7 0 0
0 8 0 0
0 9 0 0
0 10 0 0
0 11 0 0
0 12 0 0
0 13 0 0
0 14 0 0
0 15 0 0
0 16 0 0
0 17 0 0
0 18 0 0
0 19 0 0
0 20 0 0
0 21 0 0
0 22 0 0
0 23 0 0
0 24 0 0
0 25 0 0
0 26 0 0
0 27 0 0
0 28 0 0
0 29 0 0
0 30 0 0
0 31 0 0
0 32 0 0
0 33 0 0
0 34 0 0
0 35 0 0
0 36 0 0
0 37 0 0
0 38 0 0
0 39 0 0
0 40 0 0
0 41 0 0
0 42 0 0
0 43 0 0
0 44 0 0
0 45 0 0
0 46 0 0
0 47 0 0
0 48 0 0
0 49 0 0
1 0 0 0
1 1 -0.137122 -0.136556
1 2 -0.201837 -0.151903
1 3 -0.17456 -0.19725
1 4 -0.173797 -0.141061
1 5 -0.183296 -0.125138
1 6 -0.182316 -0.137131
1 7 -0.18053 -0.11069
1 8 -0.182454 -0.10677
1 9 -0.181264 -0.101929
1 10 -0.18124 -0.0933094
1 11 -0.181413 -0.0868991
1 12 -0.181114 -0.0824619
1 13 -0.180998 -0.0761291
1 14 -0.180883 -0.0707283
1 15 -0.18053 -0.065193
1 16 -0.180234 -0.0591673
1 17 -0.179953 -0.0528783
1 18 -0.179653 -0.0464209
1 19 -0.179406 -0.0396077
1 20 -0.17921 -0.0326355
1 21 -0.179045 -0.0255262
1 22 -0.178924 -0.0183006
1 23 -0.178847 -0.0110025
1 24 -0.178807 -0.0036735
1 25 -0.178807 0.0036735
1 26 -0.178847 0.0110025
1 27 -0.178924 0.0183006
1 28 -0.179045 0.0255262
1 29 -0.17921 0.0326355
1 30 -0.179406 0.0396077
1 31 -0.179653 0.0464209
1 32 -0.179953 0.0528783
1 33 -0.180234 0.0591673
1 34 -0.18053 0.065193
1 35 -0.180883 0.0707283
1 36 -0.180998 0.0761291
1 37 -0.181114 0.0824619
1 38 -0.181413 0.0868991
1 39 -0.18124 0.0933094
1 40 -0.181264 0.101929
1 41 -0.182454 0.10677
1 42 -0.18053 0.11069
1 43 -0.182316 0.137131
1 44 -0.183296 0.125138
1 45 -0.173797 0.141061
1 46 -0.17456 0.19725
1 47 -0.201837 0.151903
1 48 -0.137122 0.136556
1 49 0 0
2 0 0 0
2 1 -0.156124 -0.201987
2 2 -0.251282 -0.248057
2 3 -0.150931 -0.173988
2 4 -0.221149 -0.157942
2 5 -0.152787 -0.162553
2 6 -0.187722 -0.140135
2 7 -0.17528 -0.136994
2 8 -0.176793 -0.128697
2 9 -0.17466 -0.118991
2 10 -0.178568 -0.111582
2 11 -0.174748 -0.10492
2 12 -0.176497 -0.0971352
2 13 -0.175618 -0.0907608
2 14 -0.17546 -0.0842377
2 15 -0.174999 -0.0773989
2 16 -0.174975 -0.0703802
2 17 -0.174514 -0.0630628
2 18 -0.174399 -0.0552895
2 19 -0.17418 -0.047256
2 20 -0.174029 -0.0389716
2 21 -0.17389 -0.0304835
2 22 -0.173812 -0.0218607
2 23 -0.173737 -0.0131539
2 24 -0.173709 -0.00439015
2 25 -0.173709 0.00439015
2 26 -0.173737 0.0131539
2 27 -0.173812 0.0218607
2 28 -0.17389 0.0304835
2 29 -0.174029 0.0389716
2 30 -0.17418 0.047256
2 31 -0.174399 0.0552895
2 32 -0.174514 0.0630628
2 33 -0.174975 0.0703802
2 34 -0.174999 0.0773989
2 35 -0.17546 0.0842377
2 36 -0.175618 0.0907608
2 37 -0.176497 0.0971352
2 38 -0.174748 0.10492
2 39 -0.178568 0.111582
2 40 -0.17466 0.118991
2 41 -0.176793 0.128697
2 42 -0.17528 0.136994
2 43 -0.187722 0.140135
2 44 -0.152787 0.162553
2 45 -0.221149 0.157942
2 46 -0.150931 0.173988
2 47 -0.251282 0.248057
2 48 -0.156124 0.201987
2 49 0 0
3 0 0 0
3 1 -0.203768 -0.174526
3 2 -0.180959 -0.147965
3 3 -0.136886 -0.130012
3 4 -0.183083 -0.156525
3 5 -0.156931 -0.155207
3 6 -0.179585 -0.131417
3 7 -0.167241 -0.127745
3 8 -0.171623 -0.121227
3 9 -0.1703 -0.109418
3 10 -0.171025 -0.103345
3 11 -0.169407 -0.097129
3 12 -0.170726 -0.0899905
3 13 -0.169642 -0.0839529
3 14 -0.169682 -0.077898
3 15 -0.169338 -0.0714121
3 16 -0.16912 -0.064852
3 17 -0.168722 -0.0580017
3 18 -0.168573 -0.0508019
3 19 -0.168309 -0.043379
3 20 -0.168144 -0.0357482
3 21 -0.167999 -0.027947
3 22 -0.167902 -0.0200376
3 23 -0.167825 -0.0120527
3 24 -0.167796 -0.00402182
3 25 -0.167796 0.00402182
3 26 -0.167825 0.0120527
3 27 -0.167902 0.0200376
3 28 -0.167999 0.027947
3 29 -0.168144 0.0357482
3 30 -0.168309 0.043379
3 31 -0.168573 0.0508019
3 32 -0.168722 0.0580017
3 33 -0.16912 0.064852
3 34 -0.169338 0.0714121
3 35 -0.169682 0.077898
3 36 -0.169642 0.0839529
3 37 -0.170726 0.0899905
3 38 -0.169407 0.097129
3 39 -0.171025 0.103345
3 40 -0.1703 0.109418
3 41 -0.171623 0.121227
3 42 -0.167241 0.127745
3 43 -0.179585 0.131417
3 44 -0.156931 0.155207
3 45 -0.183083 0.156525
3 46 -0.136886 0.130012
3 47 -0.180959 0.147965
3 48 -0.203768 0.174526
3 49 0 0
4 0 0 0
4 1 -0.149304 -0.174357
4 2 -0.168558 -0.217197
4 3 -0.167428 -0.176732
4 4 -0.182337 -0.172196
4 5 -0.157533 -0.142656
4 6 -0.178934 -0.135003
4 7 -0.157998 -0.133193
4 8 -0.168382 -0.12054
4 9 -0.165076 -0.113675
4 10 -0.164829 -0.107679
4 11 -0.164328 -0.0995046
4 12 -0.165336 -0.0928945
4 13 -0.163834 -0.086825
4 14 -0.164195 -0.0801738
4 15 -0.163718 -0.07371
4 16 -0.163462 -0.0670914
4 17 -0.163164 -0.0600113
4 18 -0.163039 -0.0526415
4 19 -0.162783 -0.0450132
4 20 -0.162668 -0.0371115
4 21 -0.162541 -0.0290311
4 22 -0.162454 -0.0208265
4 23 -0.162389 -0.0125287
4 24 -0.162365 -0.00418058
4 25 -0.162365 0.00418058
4 26 -0.162389 0.0125287
4 27 -0.162454 0.0208265
4 28 -0.162541 0.0290311
4 29 -0.162668 0.0371115
4 30 -0.162783 0.0450132
4 31 -0.163039 0.0526415
4 32 -0.163164 0.0600113
4 33 -0.163462 0.0670914
4 34 -0.163718 0.07371
4 35 -0.164195 0.0801738
4 36 -0.163834 0.086825
4 37 -0.165336 0.0928945
4 38 -0.164328 0.0995046
4 39 -0.164829 0.107679
4 40 -0.165076 0.113675
4 41 -0.168382 0.12054
4 42 -0.157998 0.133193
4 43 -0.178934 0.135003
4 44 -0.157533 0.142656
4 45 -0.182337 0.172196
4 46 -0.167428 0.176732
4 47 -0.168558 0.217197
4 48 -0.149304 0.174357
4 49 0 0
5 0 0 0
5 1 -0.138356 -0.184035
5 2 -0.176353 -0.149278
5 3 -0.168519 -0.150644
5 4 -0.156086 -0.14755
5 5 -0.147184 -0.133658
5 6 -0.165226 -0.14028
5 7 -0.152821 -0.132004
5 8 -0.163889 -0.118507
5 9 -0.157578 -0.113544
5 10 -0.15967 -0.106064
5 11 -0.159236 -0.0976553
5 12 -0.159189 -0.0915858
5 13 -0.158281 -0.0852572
5 14 -0.158755 -0.078625
5 15 -0.15802 -0.0723045
5 16 -0.157887 -0.0656754
5 17 -0.157623 -0.0586719
5 18 -0.15743 -0.0514462
5 19 -0.157183 -0.0439479
5 20 -0.157076 -0.0362105
5 21 -0.15693 -0.0283208
5 22 -0.156844 -0.0203098
5 23 -0.156781 -0.0122148
5 24 -0.156753 -0.00407599
5 25 -0.156753 0.00407599
5 26 -0.156781 0.0122148
5 27 -0.156844 0.0203098
5 28 -0.15693 0.0283208
5 29 -0.157076 0.0362105
5 30 -0.157183 0.0439479
5 31 -0.15743 0.0514462
5 32 -0.157623 0.0586719
5 33 -0.157887 0.0656754
5 34 -0.15802 0.0723045
5 35 -0.158755 0.078625
5 36 -0.158281 0.0852572
5 37 -0.159189 0.0915858
5 38 -0.159236 0.0976553
5 39 -0.15967 0.106064
5 40 -0.157578 0.113544
5 41 -0.163889 0.118507
5 42 -0.152821 0.132004
5 43 -0.165226 0.14028
5 44 -0.147184 0.133658
5 45 -0.156086 0.14755
5 46 -0.168519 0.150644
5 47 -0.176353 0.149278
5 48 -0.138356 0.184035
5 49 0 0
6 0 0 0
6 1 -0.151904 -0.183051
6 2 -0.157684 -0.18517
6 3 -0.147638 -0.172723
6 4 -0.152157 -0.168366
6 5 -0.15749 -0.151896
6 6 -0.159836 -0.143003
6 7 -0.150841 -0.126094
6 8 -0.159023 -0.119609
6 9 -0.151066 -0.114365
6 10 -0.155194 -0.104842
6 11 -0.153618 -0.0982088
6 12 -0.153348 -0.0922076
6 13 -0.153008 -0.085222
6 14 -0.153177 -0.0789051
6 15 -0.152376 -0.0726783
6 16 -0.152415 -0.0659344
6 17 -0.152099 -0.0589966
6 18 -0.151908 -0.051802
6 19 -0.151721 -0.0442595
6 20 -0.151623 -0.0364892
6 21 -0.151482 -0.0285559
6 22 -0.151415 -0.0204815
6 23 -0.151359 -0.0123198
6 24 -0.151331 -0.0041119
6 25 -0.151331 0.0041119
6 26 -0.151359 0.0123198
6 27 -0.151415 0.0204815
6 28 -0.151482 0.0285559
6 29 -0.151623 0.0364892
6 30 -0.151721 0.0442595
6 31 -0.151908 0.051802
6 32 -0.152099 0.0589966
6 33 -0.152415 0.0659344
6 34 -0.152376 0.0726783
6 35 -0.153177 0.0789051
6 36 -0.153008 0.085222
6 37 -0.153348 0.0922076
6 38 -0.153618 0.0982088
6 39 -0.155194 0.104842
6 40 -0.151066 0.114365
6 41 -0.159023 0.119609
6 42 -0.150841 0.126094
6 43 -0.159836 0.143003
6 44 -0.15749 0.151896
6 45 -0.152157 0.168366
6 46 -0.147638 0.172723
6 47 -0.157684 0.18517
6 48 -0.151904 0.183051
6 49 0 0
7 0 0 0
7 1 -0.128362 -0.181388
7 2 -0.158157 -0.171183
7 3 -0.147485 -0.160428
7 4 -0.153196 -0.147628
7 5 -0.151487 -0.139364
7 6 -0.14583 -0.134131
7 7 -0.144878 -0.125161
7 8 -0.150755 -0.122586
7 9 -0.145731 -0.113589
7 10 -0.150177 -0.104397
7 11 -0.147285 -0.0986083
7 12 -0.148036 -0.0915904
7 13 -0.147722 -0.0845889
7 14 -0.147458 -0.0785454
7 15 -0.146938 -0.0721199
7 16 -0.147027 -0.0653728
7 17 -0.146598 -0.0585306
7 18 -0.146464 -0.051338
7 19 -0.146299 -0.0438345
7 20 -0.146175 -0.0361422
7 21 -0.146042 -0.0282749
7 22 -0.145983 -0.020273
7 23 -0.145923 -0.0121949
7 24 -0.145896 -0.00407072
7 25 -0.145896 0.00407072
7 26 -0.145923 0.0121949
7 27 -0.145983 0.020273
7 28 -0.146042 0.0282749
7 29 -0.146175 0.0361422
7 30 -0.146299 0.0438345
7 31 -0.146464 0.051338
7 32 -0.146598 0.0585306
7 33 -0.147027 0.0653728
7 34 -0.146938 0.0721199
7 35 -0.147458 0.0785454
7 36 -0.147722 0.0845889
7 37 -0.148036 0.0915904
7 38 -0.147285 0.0986083
7 39 -0.150177 0.104397
7 40 -0.145731 0.113589
7 41 -0.150755 0.122586
7 42 -0.144878 0.125161
7 43 -0.14583 0.134131
7 44 -0.151487 0.139364
7 45 -0.153196 0.147628
7 46 -0.147485 0.160428
7 47 -0.158157 0.171183
7 48 -0.128362 0.181388
7 49 0 0
8 0 0 0
8 1 -0.127877 -0.183356
8 2 -0.152435 -0.173769
8 3 -0.143021 -0.165349
8 4 -0.143421 -0.158493
8 5 -0.140905 -0.150268
8 6 -0.142491 -0.1421
8 7 -0.145364 -0.131036
8 8 -0.144897 -0.122226
8 9 -0.141827 -0.111249
8 10 -0.144748 -0.104883
8 11 -0.141567 -0.0984809
8 12 -0.143085 -0.0907774
8 13 -0.142188 -0.084567
8 14 -0.141925 -0.0785126
8 15 -0.141678 -0.0718769
8 16 -0.141608 -0.0653218
8 17 -0.141183 -0.058542
8 18 -0.141142 -0.0513184
8 19 -0.140957 -0.0438531
8 20 -0.140836 -0.0361824
8 21 -0.140733 -0.0283042
8 22 -0.140678 -0.020297
8 23 -0.140618 -0.0122131
8 24 -0.140599 -0.00407726
8 25 -0.140599 0.00407726
8 26 -0.140618 0.0122131
8 27 -0.140678 0.020297
8 28 -0.140733 0.0283042
8 29 -0.140836 0.0361824
8 30 -0.140957 0.0438531
8 31 -0.141142 0.0513184
8 32 -0.141183 0.058542
8 33 -0.141608 0.0653218
8 34 -0.141678 0.0718769
8 35 -0.141925 0.0785126
8 36 -0.142188 0.084567
8 37 -0.143085 0.0907774
8 38 -0.141567 0.0984809
8 39 -0.144748 0.104883
8 40 -0.141827 0.111249
8 41 -0.144897 0.122226
8 42 -0.145364 0.131036
8 43 -0.142491 0.1421
8 44 -0.140905 0.150268
8 45 -0.143421 0.158493
8 46 -0.143021 0.165349
8 47 -0.152435 0.173769
8 48 -0.127877 0.183356
8 49 0 0
9 0 0 0
9 1 -0.124573 -0.182089
9 2 -0.145959 -0.171471
9 3 -0.13362 -0.163368
9 4 -0.139479 -0.154355
9 5 -0.13875 -0.143802
9 6 -0.139592 -0.134217
9 7 -0.138586 -0.125966
9 8 -0.136458 -0.119233
9 9 -0.136824 -0.111628
9 10 -0.138367 -0.105822
9 11 -0.136367 -0.0977716
9 12 -0.137897 -0.0905612
9 13 -0.136536 -0.0846329
9 14 -0.136728 -0.0780824
9 15 -0.136472 -0.0715211
9 16 -0.136233 -0.0651132
9 17 -0.135949 -0.0582445
9 18 -0.135925 -0.0510392
9 19 -0.135694 -0.0436427
9 20 -0.135603 -0.0359906
9 21 -0.135513 -0.028143
9 22 -0.13545 -0.0201858
9 23 -0.135393 -0.0121458
9 24 -0.135379 -0.00405353
9 25 -0.135379 0.00405353
9 26 -0.135393 0.0121458
9 27 -0.13545 0.0201858
9 28 -0.135513 0.028143
9 29 -0.135603 0.0359906
9 30 -0.135694 0.0436427
9 31 -0.135925 0.0510392
9 32 -0.135949 0.0582445
9 33 -0.136233 0.0651132
9 34 -0.136472 0.0715211
9 35 -0.136728 0.0780824
9 36 -0.136536 0.0846329
9 37 -0.137897 0.0905612
9 38 -0.136367 0.0977716
9 39 -0.138367 0.105822
9 40 -0.136824 0.111628
9 41 -0.136458 0.119233
9 42 -0.138586 0.125966
9 43 -0.139592 0.134217
9 44 -0.13875 0.143802
9 45 -0.139479 0.154355
9 46 -0.13362 0.163368
9 47 -0.145959 0.171471
9 48 -0.124573 0.182089
9 49 0 0
10 0 0 0
10 1 -0.117802 -0.181958
10 2 -0.141021 -0.175114
10 3 -0.129867 -0.16425
10 4 -0.135583 -0.154613
10 5 -0.133188 -0.146334
10 6 -0.132358 -0.138641
10 7 -0.131948 -0.130459
10 8 -0.132669 -0.122154
10 9 -0.133549 -0.113158
10 10 -0.132808 -0.105085
10 11 -0.131804 -0.0969137
10 12 -0.132633 -0.0907178
10 13 -0.131307 -0.0843353
10 14 -0.131774 -0.0776316
10 15 -0.131262 -0.0714444
10 16 -0.131068 -0.0650068
10 17 -0.130908 -0.0580764
10 18 -0.13081 -0.0509759
10 19 -0.130592 -0.0436079
10 20 -0.130546 -0.0359443
10 21 -0.130449 -0.0281185
10 22 -0.130387 -0.020177
10 23 -0.130343 -0.0121371
10 24 -0.13033 -0.00404919
10 25 -0.13033 0.00404919
10 26 -0.130343 0.0121371
10 27 -0.130387 0.020177
10 28 -0.130449 0.0281185
10 29 -0.130546 0.0359443
10 30 -0.130592 0.0436079
10 31 -0.13081 0.0509759
10 32 -0.130908 0.0580764
10 33 -0.131068 0.0650068
10 34 -0.131262 0.0714444
10 35 -0.131774 0.0776316
10 36 -0.131307 0.0843353
10 37 -0.132633 0.0907178
10 38 -0.131804 0.0969137
10 39 -0.132808 0.105085
10 40 -0.133549 0.113158
10 41 -0.132669 0.122154
10 42 -0.131948 0.130459
10 43 -0.132358 0.138641
10 44 -0.133188 0.146334
10 45 -0.135583 0.154613
10 46 -0.129867 0.16425
10 47 -0.141021 0.175114
10 48 -0.117802 0.181958
10 49 0 0
11 0 0 0
11 1 -0.113275 -0.18193
11 2 -0.136283 -0.171421
11 3 -0.125337 -0.162676
11 4 -0.129496 -0.154111
11 5 -0.126888 -0.145579
11 6 -0.128041 -0.136768
11 7 -0.128423 -0.127529
11 8 -0.128277 -0.119023
11 9 -0.127565 -0.111165
11 10 -0.126842 -0.104128
11 11 -0.12706 -0.0971364
11 12 -0.127231 -0.0907579
11 13 -0.126422 -0.0838268
11 14 -0.126838 -0.0774799
11 15 -0.126191 -0.0713564
11 16 -0.126196 -0.0647171
11 17 -0.126019 -0.0578698
11 18 -0.12586 -0.0508448
11 19 -0.125712 -0.0434455
11 20 -0.125672 -0.0358063
11 21 -0.125558 -0.0280265
11 22 -0.125511 -0.0201059
11 23 -0.125476 -0.0120899
11 24 -0.125456 -0.00403382
11 25 -0.125456 0.00403382
11 26 -0.125476 0.0120899
11 27 -0.125511 0.0201059
11 28 -0.125558 0.0280265
11 29 -0.125672 0.0358063
11 30 -0.125712 0.0434455
11 31 -0.12586 0.0508448
11 32 -0.126019 0.0578698
11 33 -0.126196 0.0647171
11 34 -0.126191 0.0713564
11 35 -0.126838 0.0774799
11 36 -0.126422 0.0838268
11 37 -0.127231 0.0907579
11 38 -0.12706 0.0971364
11 39 -0.126842 0.104128
11 40 -0.127565 0.111165
11 41 -0.128277 0.119023
11 42 -0.128423 0.127529
11 43 -0.128041 0.136768
11 44 -0.126888 0.145579
11 45 -0.129496 0.154111
11 46 -0.125337 0.162676
11 47 -0.136283 0.171421
11 48 -0.113275 0.18193
11 49 0 0
12 0 0 0
12 1 -0.109989 -0.181568
12 2 -0.130394 -0.173397
12 3 -0.119965 -0.163899
12 4 -0.124842 -0.155156
12 5 -0.122837 -0.145768
12 6 -0.123862 -0.136873
12 7 -0.123217 -0.12861
12 8 -0.122562 -0.120762
12 9 -0.122523 -0.112796
12 10 -0.122775 -0.105002
12 11 -0.122805 -0.0973036
12 12 -0.122295 -0.0902356
12 13 -0.121942 -0.0835144
12 14 -0.122057 -0.0774702
12 15 -0.121489 -0.0711106
12 16 -0.121586 -0.0644906
12 17 -0.121308 -0.0578101
12 18 -0.121188 -0.0507584
12 19 -0.121093 -0.0433475
12 20 -0.121021 -0.0357631
12 21 -0.120918 -0.0279968
12 22 -0.120892 -0.020075
12 23 -0.120855 -0.0120756
12 24 -0.120834 -0.00403199
12 25 -0.120834 0.00403199
12 26 -0.120855 0.0120756
12 27 -0.120892 0.020075
12 28 -0.120918 0.0279968
12 29 -0.121021 0.0357631
12 30 -0.121093 0.0433475
12 31 -0.121188 0.0507584
12 32 -0.121308 0.0578101
12 33 -0.121586 0.0644906
12 34 -0.121489 0.0711106
12 35 -0.122057 0.0774702
12 36 -0.121942 0.0835144
12 37 -0.122295 0.0902356
12 38 -0.122805 0.0973036
12 39 -0.122775 0.105002
12 40 -0.122523 0.112796
12 41 -0.122562 0.120762
12 42 -0.123217 0.12861
12 43 -0.123862 0.136873
12 44 -0.122837 0.145768
12 45 -0.124842 0.155156
12 46 -0.119965 0.163899
12 47 -0.130394 0.173397
12 48 -0.109989 0.181568
12 49 0 0
13 0 0 0
13 1 -0.105047 -0.181427
13 2 -0.125872 -0.17245
13 3 -0.115841 -0.162884
13 4 -0.120487 -0.153853
13 5 -0.118342 -0.145041
13 6 -0.118744 -0.136661
13 7 -0.118231 -0.128259
13 8 -0.11841 -0.119822
13 9 -0.118599 -0.11146
13 10 -0.118285 -0.103714
13 11 -0.11784 -0.0965135
13 12 -0.117588 -0.0899088
13 13 -0.117589 -0.0835171
13 14 -0.117448 -0.077286
13 15 -0.117112 -0.0708158
13 16 -0.117167 -0.0643896
13 17 -0.116864 -0.0577058
13 18 -0.116828 -0.0505892
13 19 -0.116722 -0.04324
13 20 -0.116634 -0.035693
13 21 -0.116565 -0.0279206
13 22 -0.11654 -0.0200196
13 23 -0.116497 -0.0120498
13 24 -0.116486 -0.00402453
13 25 -0.116486 0.00402453
13 26 -0.116497 0.0120498
13 27 -0.11654 0.0200196
13 28 -0.116565 0.0279206
13 29 -0.116634 0.035693
13 30 -0.116722 0.04324
13 31 -0.116828 0.0505892
13 32 -0.116864 0.0577058
13 33 -0.117167 0.0643896
13 34 -0.117112 0.0708158
13 35 -0.117448 0.077286
13 36 -0.117589 0.0835171
13 37 -0.117588 0.0899088
13 38 -0.11784 0.0965135
13 39 -0.118285 0.103714
13 40 -0.118599 0.11146
13 41 -0.11841 0.119822
13 42 -0.118231 0.128259
13 43 -0.118744 0.136661
13 44 -0.118342 0.145041
13 45 -0.120487 0.153853
13 46 -0.115841 0.162884
13 47 -0.125872 0.17245
13 48 -0.105047 0.181427
13 49 0 0
14 0 0 0
14 1 -0.101387 -0.181385
14 2 -0.121238 -0.172559
14 3 -0.111786 -0.163165
14 4 -0.115768 -0.154489
14 5 -0.113824 -0.145653
14 6 -0.114517 -0.136985
14 7 -0.114327 -0.128205
14 8 -0.114345 -0.119808
14 9 -0.11406 -0.111855
14 10 -0.113681 -0.104318
14 11 -0.113669 -0.0970041
14 12 -0.11368 -0.0900577
14 13 -0.113504 -0.0833775
14 14 -0.113226 -0.0770032
14 15 -0.113071 -0.0706924
14 16 -0.113007 -0.0643285
14 17 -0.112764 -0.0575525
14 18 -0.112758 -0.0504845
14 19 -0.112619 -0.0432019
14 20 -0.112557 -0.0356398
14 21 -0.112511 -0.027873
14 22 -0.112475 -0.0200004
14 23 -0.112438 -0.0120374
14 24 -0.112436 -0.0040173
14 25 -0.112436 0.0040173
14 26 -0.112438 0.0120374
14 27 -0.112475 0.0200004
14 28 -0.112511 0.027873
14 29 -0.112557 0.0356398
14 30 -0.112619 0.0432019
14 31 -0.112758 0.0504845
14 32 -0.112764 0.0575525
14 33 -0.113007 0.0643285
14 34 -0.113071 0.0706924
14 35 -0.113226 0.0770032
14 36 -0.113504 0.0833775
14 37 -0.11368 0.0900577
14 38 -0.113669 0.0970041
14 39 -0.113681 0.104318
14 40 -0.11406 0.111855
14 41 -0.114345 0.119808
14 42 -0.114327 0.128205
14 43 -0.114517 0.136985
14 44 -0.113824 0.145653
14 45 -0.115768 0.154489
14 46 -0.111786 0.163165
14 47 -0.121238 0.172559
14 48 -0.101387 0.181385
14 49 0 0
15 0 0 0
15 1 -0.0977939 -0.1812
15 2 -0.116799 -0.172261
15 3 -0.107716 -0.162957
15 4 -0.111641 -0.15414
15 5 -0.10998 -0.145088
15 6 -0.110571 -0.136388
15 7 -0.110253 -0.12787
15 8 -0.110046 -0.119682
15 9 -0.109936 -0.111634
15 10 -0.109919 -0.103824
15 11 -0.109927 -0.0963841
15 12 -0.109666 -0.0895109
15 13 -0.109424 -0.0830531
15 14 -0.109313 -0.0768618
15 15 -0.109234 -0.0706152
15 16 -0.109095 -0.0641676
15 17 -0.108955 -0.0574081
15 18 -0.108927 -0.0504263
15 19 -0.108795 -0.0431319
15 20 -0.10877 -0.0355586
15 21 -0.10872 -0.0278294
15 22 -0.108683 -0.0199752
15 23 -0.10866 -0.0120133
15 24 -0.108656 -0.00400675
15 25 -0.108656 0.00400675
15 26 -0.10866 0.0120133
15 27 -0.108683 0.0199752
15 28 -0.10872 0.0278294
15 29 -0.10877 0.0355586
15 30 -0.108795 0.0431319
15 31 -0.108927 0.0504263
15 32 -0.108955 0.0574081
15 33 -0.109095 0.0641676
15 34 -0.109234 0.0706152
15 35 -0.109313 0.0768618
15 36 -0.109424 0.0830531
15 37 -0.109666 0.0895109
15 38 -0.109927 0.0963841
15 39 -0.109919 0.103824
15 40 -0.109936 0.111634
15 41 -0.110046 0.119682
15 42 -0.110253 0.12787
15 43 -0.110571 0.136388
15 44 -0.10998 0.145088
15 45 -0.111641 0.15414
15 46 -0.107716 0.162957
15 47 -0.116799 0.172261
15 48 -0.0977939 0.1812
15 49 0 0
16 0 0 0
16 1 -0.0942207 -0.181108
16 2 -0.112693 -0.172383
16 3 -0.104047 -0.162959
16 4 -0.107749 -0.154125
16 5 -0.106211 -0.145217
16 6 -0.106571 -0.136645
16 7 -0.106367 -0.128106
16 8 -0.106318 -0.119737
16 9 -0.106361 -0.111535
16 10 -0.106229 -0.103772
16 11 -0.10606 -0.0964979
16 12 -0.105861 -0.089677
16 13 -0.105831 -0.083146
16 14 -0.105757 -0.0768143
16 15 -0.105602 -0.0704794
16 16 -0.105469 -0.0640383
16 17 -0.105392 -0.0573556
16 18 -0.105325 -0.0503751
16 19 -0.105232 -0.043057
16 20 -0.105215 -0.0355191
16 21 -0.105158 -0.0278125
16 22 -0.105136 -0.0199526
16 23 -0.105122 -0.0119997
16 24 -0.105111 -0.00400512
16 25 -0.105111 0.00400512
16 26 -0.105122 0.0119997
16 27 -0.105136 0.0199526
16 28 -0.105158 0.0278125
16 29 -0.105215 0.0355191
16 30 -0.105232 0.043057
16 31 -0.105325 0.0503751
16 32 -0.105392 0.0573556
16 33 -0.105469 0.0640383
16 34 -0.105602 0.0704794
16 35 -0.105757 0.0768143
16 36 -0.105831 0.083146
16 37 -0.105861 0.089677
16 38 -0.10606 0.0964979
16 39 -0.106229 0.103772
16 40 -0.106361 0.111535
16 41 -0.106318 0.119737
16 42 -0.106367 0.128106
16 43 -0.106571 0.136645
16 44 -0.106211 0.145217
16 45 -0.107749 0.154125
16 46 -0.104047 0.162959
16 47 -0.112693 0.172383
16 48 -0.0942207 0.181108
16 49 0 0
17 0 0 0
17 1 -0.090887 -0.181019
17 2 -0.108822 -0.17209
17 3 -0.100544 -0.162792
17 4 -0.103938 -0.154011
17 5 -0.102586 -0.145114
17 6 -0.102925 -0.136458
17 7 -0.102873 -0.127817
17 8 -0.102781 -0.119454
17 9 -0.102753 -0.111376
17 10 -0.10256 -0.103687
17 11 -0.102521 -0.0963471
17 12 -0.102464 -0.0894096
17 13 -0.102402 -0.0828498
17 14 -0.102228 -0.0765745
17 15 -0.102107 -0.0703413
17 16 -0.102047 -0.0639668
17 17 -0.101977 -0.0572886
17 18 -0.101903 -0.0502878
17 19 -0.101851 -0.0430008
17 20 -0.101826 -0.0354946
17 21 -0.101778 -0.0277803
17 22 -0.101769 -0.0199236
17 23 -0.101755 -0.0119911
17 24 -0.101744 -0.0040055
17 25 -0.101744 0.0040055
17 26 -0.101755 0.0119911
17 27 -0.101769 0.0199236
17 28 -0.101778 0.0277803
17 29 -0.101826 0.0354946
17 30 -0.101851 0.0430008
17 31 -0.101903 0.0502878
17 32 -0.101977 0.0572886
17 33 -0.102047 0.0639668
17 34 -0.102107 0.0703413
17 35 -0.102228 0.0765745
17 36 -0.102402 0.0828498
17 37 -0.102464 0.0894096
17 38 -0.102521 0.0963471
17 39 -0.10256 0.103687
17 40 -0.102753 0.111376
17 41 -0.102781 0.119454
17 42 -0.102873 0.127817
17 43 -0.102925 0.136458
17 44 -0.102586 0.145114
17 45 -0.103938 0.154011
17 46 -0.100544 0.162792
17 47 -0.108822 0.17209
17 48 -0.090887 0.181019
17 49 0 0
18 0 0 0
18 1 -0.0877778 -0.180906
18 2 -0.105048 -0.17214
18 3 -0.0971768 -0.162834
18 4 -0.100367 -0.154048
18 5 -0.0992209 -0.14511
18 6 -0.0994747 -0.136446
18 7 -0.0994637 -0.127867
18 8 -0.0992885 -0.119553
18 9 -0.0993227 -0.111446
18 10 -0.0992161 -0.103657
18 11 -0.0992305 -0.0962562
18 12 -0.099104 -0.0893501
18 13 -0.0989923 -0.0828555
18 14 -0.0988825 -0.0765921
18 15 -0.0988446 -0.0703269
18 16 -0.0987729 -0.0639063
18 17 -0.098687 -0.0572159
18 18 -0.0986344 -0.0502411
18 19 -0.098599 -0.042981
18 20 -0.0985647 -0.035468
18 21 -0.0985349 -0.0277531
18 22 -0.0985259 -0.0199137
18 23 -0.0985083 -0.0119864
18 24 -0.0985058 -0.00400178
18 25 -0.0985058 0.00400178
18 26 -0.0985083 0.0119864
18 27 -0.0985259 0.0199137
18 28 -0.0985349 0.0277531
18 29 -0.0985647 0.035468
18 30 -0.098599 0.042981
18 31 -0.0986344 0.0502411
18 32 -0.098687 0.0572159
18 33 -0.0987729 0.0639063
18 34 -0.0988446 0.0703269
18 35 -0.0988825 0.0765921
18 36 -0.0989923 0.0828555
18 37 -0.099104 0.0893501
18 38 -0.0992305 0.0962562
18 39 -0.0992161 0.103657
18 40 -0.0993227 0.111446
18 41 -0.0992885 0.119553
18 42 -0.0994637 0.127867
18 43 -0.0994747 0.136446
18 44 -0.0992209 0.14511
18 45 -0.100367 0.154048
18 46 -0.0971768 0.162834
18 47 -0.105048 0.17214
18 48 -0.0877778 0.180906
18 49 0 0
19 0 0 0
19 1 -0.0847407 -0.180826
19 2 -0.101511 -0.172038
19 3 -0.0940351 -0.162743
19 4 -0.0969891 -0.153945
19 5 -0.0960069 -0.145035
19 6 -0.0961315 -0.136392
19 7 -0.0961945 -0.12781
19 8 -0.0960175 -0.119445
19 9 -0.0961135 -0.11129
19 10 -0.0959798 -0.103509
19 11 -0.0959543 -0.0961616
19 12 -0.0958206 -0.0892753
19 13 -0.0957816 -0.0827467
19 14 -0.0957172 -0.076445
19 15 -0.0956508 -0.0701873
19 16 -0.0955538 -0.0638057
19 17 -0.0955015 -0.0571613
19 18 -0.0954697 -0.0502075
19 19 -0.0954303 -0.0429442
19 20 -0.0953997 -0.0354319
19 21 -0.0953826 -0.0277362
19 22 -0.0953691 -0.0199065
19 23 -0.0953545 -0.0119753
19 24 -0.0953548 -0.00399529
19 25 -0.0953548 0.00399529
19 26 -0.0953545 0.0119753
19 27 -0.0953691 0.0199065
19 28 -0.0953826 0.0277362
19 29 -0.0953997 0.0354319
19 30 -0.0954303 0.0429442
19 31 -0.0954697 0.0502075
19 32 -0.0955015 0.0571613
19 33 -0.0955538 0.0638057
19 34 -0.0956508 0.0701873
19 35 -0.0957172 0.076445
19 36 -0.0957816 0.0827467
19 37 -0.0958206 0.0892753
19 38 -0.0959543 0.0961616
19 39 -0.0959798 0.103509
19 40 -0.0961135 0.11129
19 41 -0.0960175 0.119445
19 42 -0.0961945 0.12781
19 43 -0.0961315 0.136392
19 44 -0.0960069 0.145035
19 45 -0.0969891 0.153945
19 46 -0.0940351 0.162743
19 47 -0.101511 0.172038
19 48 -0.0847407 0.180826
19 49 0 0
20 0 0 0
20 1 -0.0819432 -0.180775
20 2 -0.0981538 -0.172021
20 3 -0.0910836 -0.162745
20 4 -0.0937644 -0.153966
20 5 -0.0929561 -0.145063
20 6 -0.0929836 -0.136397
20 7 -0.0931228 -0.127789
20 8 -0.092905 -0.119416
20 9 -0.0929995 -0.111285
20 10 -0.0928298 -0.103518
20 11 -0.0928336 -0.0961474
20 12 -0.0927393 -0.0892138
20 13 -0.0927104 -0.0826692
20 14 -0.0926096 -0.0763923
20 15 -0.0925368 -0.0701658
20 16 -0.0924761 -0.0637903
20 17 -0.0924449 -0.0571358
20 18 -0.0923982 -0.0501712
20 19 -0.0923587 -0.0429136
20 20 -0.092337 -0.0354167
20 21 -0.092319 -0.0277268
20 22 -0.0923034 -0.0198942
20 23 -0.0922942 -0.0119684
20 24 -0.0922906 -0.00399472
20 25 -0.0922906 0.00399472
20 26 -0.0922942 0.0119684
20 27 -0.0923034 0.0198942
20 28 -0.092319 0.0277268
20 29 -0.092337 0.0354167
20 30 -0.0923587 0.0429136
20 31 -0.0923982 0.0501712
20 32 -0.0924449 0.0571358
20 33 -0.0924761 0.0637903
20 34 -0.0925368 0.0701658
20 35 -0.0926096 0.0763923
20 36 -0.0927104 0.0826692
20 37 -0.0927393 0.0892138
20 38 -0.0928336 0.0961474
20 39 -0.0928298 0.103518
20 40 -0.0929995 0.111285
20 41 -0.092905 0.119416
20 42 -0.0931228 0.127789
20 43 -0.0929836 0.136397
20 44 -0.0929561 0.145063
20 45 -0.0937644 0.153966
20 46 -0.0910836 0.162745
20 47 -0.0981538 0.172021
20 48 -0.0819432 0.180775
20 49 0 0
21 0 0 0
21 1 -0.0793562 -0.180745
21 2 -0.0950236 -0.171981
21 3 -0.0883421 -0.162724
21 4 -0.090767 -0.153924
21 5 -0.0901215 -0.145007
21 6 -0.0900378 -0.136326
21 7 -0.0902198 -0.127724
21 8 -0.0899419 -0.119358
21 9 -0.0900522 -0.111222
21 10 -0.0898816 -0.103428
21 11 -0.0899039 -0.0960377
21 12 -0.0897898 -0.0891133
21 13 -0.08974 -0.0825953
21 14 -0.0896439 -0.0763275
21 15 -0.0896016 -0.0700918
21 16 -0.0895455 -0.0637116
21 17 -0.0894946 -0.057071
21 18 -0.0894429 -0.0501281
21 19 -0.0894166 -0.042889
21 20 -0.0893944 -0.0353976
21 21 -0.0893714 -0.0277069
21 22 -0.0893576 -0.0198793
21 23 -0.0893505 -0.0119642
21 24 -0.0893439 -0.00399516
21 25 -0.0893439 0.00399516
21 26 -0.0893505 0.0119642
21 27 -0.0893576 0.0198793
21 28 -0.0893714 0.0277069
21 29 -0.0893944 0.0353976
21 30 -0.0894166 0.042889
21 31 -0.0894429 0.0501281
21 32 -0.0894946 0.057071
21 33 -0.0895455 0.0637116
21 34 -0.0896016 0.0700918
21 35 -0.0896439 0.0763275
21 36 -0.08974 0.0825953
21 37 -0.0897898 0.0891133
21 38 -0.0899039 0.0960377
21 39 -0.0898816 0.103428
21 40 -0.0900522 0.111222
21 41 -0.0899419 0.119358
21 42 -0.0902198 0.127724
21 43 -0.0900378 0.136326
21 44 -0.0901215 0.145007
21 45 -0.090767 0.153924
21 46 -0.0883421 0.162724
21 47 -0.0950236 0.171981
21 48 -0.0793562 0.180745
21 49 0 0
22 0 0 0
22 1 -0.0770079 -0.180746
22 2 -0.0921628 -0.171968
22 3 -0.0858433 -0.16272
22 4 -0.0880168 -0.153894
22 5 -0.0875058 -0.144981
22 6 -0.087306 -0.136294
22 7 -0.0875299 -0.127692
22 8 -0.0872094 -0.119313
22 9 -0.0873373 -0.111165
22 10 -0.0871453 -0.103369
22 11 -0.0871563 -0.0959912
22 12 -0.0870253 -0.0890722
22 13 -0.0869867 -0.0825433
22 14 -0.0869015 -0.0762611
22 15 -0.0868504 -0.0700298
22 16 -0.0867729 -0.0636688
22 17 -0.0867212 -0.0570447
22 18 -0.0866799 -0.0501059
22 19 -0.0866509 -0.042865
22 20 -0.0866187 -0.0353743
22 21 -0.0865967 -0.0276916
22 22 -0.086583 -0.0198715
22 23 -0.086573 -0.0119578
22 24 -0.0865671 -0.00399162
22 25 -0.0865671 0.00399162
22 26 -0.086573 0.0119578
22 27 -0.086583 0.0198715
22 28 -0.0865967 0.0276916
22 29 -0.0866187 0.0353743
22 30 -0.0866509 0.042865
22 31 -0.0866799 0.0501059
22 32 -0.0867212 0.0570447
22 33 -0.0867729 0.0636688
22 34 -0.0868504 0.0700298
22 35 -0.0869015 0.0762611
22 36 -0.0869867 0.0825433
22 37 -0.0870253 0.0890722
22 38 -0.0871563 0.0959912
22 39 -0.0871453 0.103369
22 40 -0.0873373 0.111165
22 41 -0.0872094 0.119313
22 42 -0.0875299 0.127692
22 43 -0.087306 0.136294
22 44 -0.0875058 0.144981
22 45 -0.0880168 0.153894
22 46 -0.0858433 0.16272
22 47 -0.0921628 0.171968
22 48 -0.0770079 0.180746
22 49 0 0
23 0 0 0
23 1 -0.0749176 -0.180766
23 2 -0.0895964 -0.17192
23 3 -0.0835883 -0.162695
23 4 -0.0855325 -0.153834
23 5 -0.0851365 -0.144922
23 6 -0.0848404 -0.136215
23 7 -0.0851015 -0.127609
23 8 -0.0847391 -0.119224
23 9 -0.0848693 -0.111084
23 10 -0.0846508 -0.103293
23 11 -0.0846607 -0.0959118
23 12 -0.0845265 -0.0889808
23 13 -0.0844858 -0.0824478
23 14 -0.0843817 -0.0761771
23 15 -0.0843147 -0.0699635
23 16 -0.084236 -0.0636111
23 17 -0.0841887 -0.0569895
23 18 -0.0841381 -0.0500564
23 19 -0.0840965 -0.0428272
23 20 -0.0840627 -0.0353485
23 21 -0.0840427 -0.0276746
23 22 -0.0840249 -0.0198588
23 23 -0.0840123 -0.0119483
23 24 -0.0840079 -0.00398774
23 25 -0.0840079 0.00398774
23 26 -0.0840123 0.0119483
23 27 -0.0840249 0.0198588
23 28 -0.0840427 0.0276746
23 29 -0.0840627 0.0353485
23 30 -0.0840965 0.0428272
23 31 -0.0841381 0.0500564
23 32 -0.0841887 0.0569895
23 33 -0.084236 0.0636111
23 34 -0.0843147 0.0699635
23 35 -0.0843817 0.0761771
23 36 -0.0844858 0.0824478
23 37 -0.0845265 0.0889808
23 38 -0.0846607 0.0959118
23 39 -0.0846508 0.103293
23 40 -0.0848693 0.111084
23 41 -0.0847391 0.119224
23 42 -0.0851015 0.127609
23 43 -0.0848404 0.136215
23 44 -0.0851365 0.144922
23 45 -0.0855325 0.153834
23 46 -0.0835883 0.162695
23 47 -0.0895964 0.17192
23 48 -0.0749176 0.180766
23 49 0 0
24 0 0 0
24 1 -0.0730724 -0.180789
24 2 -0.0873125 -0.171877
24 3 -0.0815684 -0.162671
24 4 -0.0833242 -0.153766
24 5 -0.0830213 -0.144857
24 6 -0.0826496 -0.136134
24 7 -0.0829359 -0.127533
24 8 -0.082538 -0.11915
24 9 -0.0826717 -0.111011
24 10 -0.082437 -0.103215
24 11 -0.0824449 -0.0958281
24 12 -0.0822944 -0.0888969
24 13 -0.0822374 -0.0823711
24 14 -0.0821187 -0.0761059
24 15 -0.0820483 -0.0698935
24 16 -0.0819638 -0.0635443
24 17 -0.0819018 -0.0569342
24 18 -0.0818377 -0.050016
24 19 -0.0817942 -0.0427978
24 20 -0.0817596 -0.0353244
24 21 -0.0817335 -0.0276537
24 22 -0.0817119 -0.0198435
24 23 -0.0816995 -0.0119413
24 24 -0.0816939 -0.00398638
24 25 -0.0816939 0.00398638
24 26 -0.0816995 0.0119413
24 27 -0.0817119 0.0198435
24 28 -0.0817335 0.0276537
24 29 -0.0817596 0.0353244
24 30 -0.0817942 0.0427978
24 31 -0.0818377 0.050016
24 32 -0.0819018 0.0569342
24 33 -0.0819638 0.0635443
24 34 -0.0820483 0.0698935
24 35 -0.0821187 0.0761059
24 36 -0.0822374 0.0823711
24 37 -0.0822944 0.0888969
24 38 -0.0824449 0.0958281
24 39 -0.082437 0.103215
24 40 -0.0826717 0.111011
24 41 -0.082538 0.11915
24 42 -0.0829359 0.127533
24 43 -0.0826496 0.136134
24 44 -0.0830213 0.144857
24 45 -0.0833242 0.153766
24 46 -0.0815684 0.162671
24 47 -0.0873125 0.171877
24 48 -0.0730724 0.180789
24 49 0 0
25 0 0 0
25 1 -0.0714253 -0.180802
25 2 -0.0852803 -0.171811
25 3 -0.0797558 -0.162625
25 4 -0.0813649 -0.153674
25 5 -0.0811306 -0.144775
25 6 -0.0807082 -0.136036
25 7 -0.0810121 -0.12744
25 8 -0.0805933 -0.119051
25 9 -0.0807285 -0.110912
25 10 -0.0804779 -0.103113
25 11 -0.0804749 -0.0957269
25 12 -0.080306 -0.0887959
25 13 -0.080238 -0.0822687
25 14 -0.0801087 -0.0760028
25 15 -0.0800259 -0.0697977
25 16 -0.0799237 -0.063464
25 17 -0.079849 -0.05687
25 18 -0.0797802 -0.0499624
25 19 -0.0797323 -0.0427524
25 20 -0.0796889 -0.0352885
25 21 -0.0796566 -0.0276283
25 22 -0.0796342 -0.0198269
25 23 -0.0796211 -0.0119317
25 24 -0.0796129 -0.00398317
25 25 -0.0796129 0.00398317
25 26 -0.0796211 0.0119317
25 27 -0.0796342 0.0198269
25 28 -0.0796566 0.0276283
25 29 -0.0796889 0.0352885
25 30 -0.0797323 0.0427524
25 31 -0.0797802 0.0499624
25 32 -0.079849 0.05687
25 33 -0.0799237 0.063464
25 34 -0.0800259 0.0697977
25 35 -0.0801087 0.0760028
25 36 -0.080238 0.0822687
25 37 -0.080306 0.0887959
25 38 -0.0804749 0.0957269
25 39 -0.0804779 0.103113
25 40 -0.0807285 0.110912
25 41 -0.0805933 0.119051
25 42 -0.0810121 0.12744
25 43 -0.0807082 0.136036
25 44 -0.0811306 0.144775
25 45 -0.0813649 0.153674
25 46 -0.0797558 0.162625
25 47 -0.0852803 0.171811
25 48 -0.0714253 0.180802
25 49 0 0
26 0 0 0
26 1 -0.0699287 -0.1808
26 2 -0.0834322 -0.171741
26 3 -0.0780938 -0.162575
26 4 -0.0795959 -0.153583
26 5 -0.0794086 -0.144694
26 6 -0.0789616 -0.135938
26 7 -0.0792727 -0.127346
26 8 -0.0788434 -0.11895
26 9 -0.0789729 -0.110812
26 10 -0.0787083 -0.10301
26 11 -0.0786941 -0.0956203
26 12 -0.0785118 -0.0886832
26 13 -0.0784315 -0.0821541
26 14 -0.0782858 -0.0758937
26 15 -0.0781864 -0.0697007
26 16 -0.0780717 -0.0633793
26 17 -0.0779896 -0.0567962
26 18 -0.0779117 -0.0499003
26 19 -0.0778526 -0.0427038
26 20 -0.0778019 -0.0352527
26 21 -0.0777673 -0.0276026
26 22 -0.0777416 -0.0198087
26 23 -0.077725 -0.0119199
26 24 -0.0777161 -0.00397884
26 25 -0.0777161 0.00397884
26 26 -0.077725 0.0119199
26 27 -0.0777416 0.0198087
26 28 -0.0777673 0.0276026
26 29 -0.0778019 0.0352527
26 30 -0.0778526 0.0427038
26 31 -0.0779117 0.0499003
26 32 -0.0779896 0.0567962
26 33 -0.0780717 0.0633793
26 34 -0.0781864 0.0697007
26 35 -0.0782858 0.0758937
26 36 -0.0784315 0.0821541
26 37 -0.0785118 0.0886832
26 38 -0.0786941 0.0956203
26 39 -0.0787083 0.10301
26 40 -0.0789729 0.110812
26 41 -0.0788434 0.11895
26 42 -0.0792727 0.127346
26 43 -0.0789616 0.135938
26 44 -0.0794086 0.144694
26 45 -0.0795959 0.153583
26 46 -0.0780938 0.162575
26 47 -0.0834322 0.171741
26 48 -0.0699287 0.1808
26 49 0 0
27 0 0 0
27 1 -0.0685202 -0.180781
27 2 -0.081696 -0.171665
27 3 -0.0765171 -0.162516
27 4 -0.0779463 -0.153488
27 5 -0.0777825 -0.144606
27 6 -0.0773308 -0.135833
27 7 -0.0776353 -0.127243
27 8 -0.0772033 -0.118839
27 9 -0.0773219 -0.110699
27 10 -0.0770484 -0.102888
27 11 -0.0770221 -0.0954923
27 12 -0.0768267 -0.0885506
27 13 -0.0767314 -0.0820232
27 14 -0.0765714 -0.0757686
27 15 -0.0764605 -0.0695845
27 16 -0.0763359 -0.0632747
27 17 -0.0762422 -0.0567072
27 18 -0.0761526 -0.0498288
27 19 -0.0760854 -0.0426477
27 20 -0.07603 -0.0352082
27 21 -0.0759903 -0.0275685
27 22 -0.075959 -0.0197853
27 23 -0.0759395 -0.011907
27 24 -0.0759307 -0.00397485
27 25 -0.0759307 0.00397485
27 26 -0.0759395 0.011907
27 27 -0.075959 0.0197853
27 28 -0.0759903 0.0275685
27 29 -0.07603 0.0352082
27 30 -0.0760854 0.0426477
27 31 -0.0761526 0.0498288
27 32 -0.0762422 0.0567072
27 33 -0.0763359 0.0632747
27 34 -0.0764605 0.0695845
27 35 -0.0765714 0.0757686
27 36 -0.0767314 0.0820232
27 37 -0.0768267 0.0885506
27 38 -0.0770221 0.0954923
27 39 -0.0770484 0.102888
27 40 -0.0773219 0.110699
27 41 -0.0772033 0.118839
27 42 -0.0776353 0.127243
27 43 -0.0773308 0.135833
27 44 -0.0777825 0.144606
27 45 -0.0779463 0.153488
27 46 -0.0765171 0.162516
27 47 -0.081696 0.171665
27 48 -0.0685202 0.180781
27 49 0 0
28 0 0 0
28 1 -0.067146 -0.18075
28 2 -0.0800038 -0.171588
28 3 -0.0749596 -0.162453
28 4 -0.0763423 -0.153395
28 5 -0.0761763 -0.144518
28 6 -0.0757341 -0.135729
28 7 -0.076019 -0.127138
28 8 -0.0755911 -0.118722
28 9 -0.0756939 -0.110577
28 10 -0.0754152 -0.102757
28 11 -0.075375 -0.0953564
28 12 -0.0751697 -0.0884105
28 13 -0.0750625 -0.0818829
28 14 -0.0748932 -0.075632
28 15 -0.0747724 -0.069458
28 16 -0.0746371 -0.0631635
28 17 -0.074533 -0.0566134
28 18 -0.0744358 -0.0497507
28 19 -0.0743625 -0.0425838
28 20 -0.0743001 -0.0351581
28 21 -0.0742536 -0.0275315
28 22 -0.0742187 -0.0197601
28 23 -0.0741972 -0.0118923
28 24 -0.0741863 -0.00397002
28 25 -0.0741863 0.00397002
28 26 -0.0741972 0.0118923
28 27 -0.0742187 0.0197601
28 28 -0.0742536 0.0275315
28 29 -0.0743001 0.0351581
28 30 -0.0743625 0.0425838
28 31 -0.0744358 0.0497507
28 32 -0.074533 0.0566134
28 33 -0.0746371 0.0631635
28 34 -0.0747724 0.069458
28 35 -0.0748932 0.075632
28 36 -0.0750625 0.0818829
28 37 -0.0751697 0.0884105
28 38 -0.075375 0.0953564
28 39 -0.0754152 0.102757
28 40 -0.0756939 0.110577
28 41 -0.0755911 0.118722
28 42 -0.076019 0.127138
28 43 -0.0757341 0.135729
28 44 -0.0761763 0.144518
28 45 -0.0763423 0.153395
28 46 -0.0749596 0.162453
28 47 -0.0800038 0.171588
28 48 -0.067146 0.18075
28 49 0 0
29 0 0 0
29 1 -0.0657589 -0.180708
29 2 -0.0782996 -0.171504
29 3 -0.0733618 -0.162382
29 4 -0.0747204 -0.153297
29 5 -0.0745271 -0.144421
29 6 -0.074106 -0.135617
29 7 -0.0743595 -0.127022
29 8 -0.0739409 -0.118596
29 9 -0.0740239 -0.110444
29 10 -0.0737441 -0.102615
29 11 -0.0736913 -0.0952088
29 12 -0.0734814 -0.0882576
29 13 -0.0733658 -0.0817299
29 14 -0.0731908 -0.0754847
29 15 -0.0730619 -0.0693224
29 16 -0.0729203 -0.0630429
29 17 -0.0728104 -0.0565089
29 18 -0.0727077 -0.0496625
29 19 -0.0726277 -0.0425121
29 20 -0.0725593 -0.0351022
29 21 -0.0725085 -0.0274898
29 22 -0.0724709 -0.0197306
29 23 -0.0724467 -0.0118745
29 24 -0.0724338 -0.00396397
29 25 -0.0724338 0.00396397
29 26 -0.0724467 0.0118745
29 27 -0.0724709 0.0197306
29 28 -0.0725085 0.0274898
29 29 -0.0725593 0.0351022
29 30 -0.0726277 0.0425121
29 31 -0.0727077 0.0496625
29 32 -0.0728104 0.0565089
29 33 -0.0729203 0.0630429
29 34 -0.0730619 0.0693224
29 35 -0.0731908 0.0754847
29 36 -0.0733658 0.0817299
29 37 -0.0734814 0.0882576
29 38 -0.0736913 0.0952088
29 39 -0.0737441 0.102615
29 40 -0.0740239 0.110444
29 41 -0.0739409 0.118596
29 42 -0.0743595 0.127022
29 43 -0.074106 0.135617
29 44 -0.0745271 0.144421
29 45 -0.0747204 0.153297
29 46 -0.0733618 0.162382
29 47 -0.0782996 0.171504
29 48 -0.0657589 0.180708
29 49 0 0
30 0 0 0
30 1 -0.0643125 -0.180653
30 2 -0.0765326 -0.171411
30 3 -0.0716725 -0.162301
30 4 -0.0730282 -0.153192
30 5 -0.0727849 -0.144316
30 6 -0.0723954 -0.135498
30 7 -0.0726084 -0.126898
30 8 -0.0722049 -0.118463
30 9 -0.0722671 -0.110305
30 10 -0.0719916 -0.102469
30 11 -0.0719292 -0.0950563
30 12 -0.0717202 -0.088101
30 13 -0.0715999 -0.0815744
30 14 -0.0714241 -0.0753351
30 15 -0.0712925 -0.0691835
30 16 -0.0711499 -0.0629179
30 17 -0.0710371 -0.0564004
30 18 -0.0709312 -0.0495714
30 19 -0.0708476 -0.0424377
30 20 -0.0707769 -0.0350428
30 21 -0.0707239 -0.0274442
30 22 -0.0706833 -0.0196987
30 23 -0.0706572 -0.0118559
30 24 -0.0706441 -0.00395793
30 25 -0.0706441 0.00395793
30 26 -0.0706572 0.0118559
30 27 -0.0706833 0.0196987
30 28 -0.0707239 0.0274442
30 29 -0.0707769 0.0350428
30 30 -0.0708476 0.0424377
30 31 -0.0709312 0.0495714
30 32 -0.0710371 0.0564004
30 33 -0.0711499 0.0629179
30 34 -0.0712925 0.0691835
30 35 -0.0714241 0.0753351
30 36 -0.0715999 0.0815744
30 37 -0.0717202 0.088101
30 38 -0.0719292 0.0950563
30 39 -0.0719916 0.102469
30 40 -0.0722671 0.110305
30 41 -0.0722049 0.118463
30 42 -0.0726084 0.126898
30 43 -0.0723954 0.135498
30 44 -0.0727849 0.144316
30 45 -0.0730282 0.153192
30 46 -0.0716725 0.162301
30 47 -0.0765326 0.171411
30 48 -0.0643125 0.180653
30 49 0 0
31 0 0 0
31 1 -0.0627556 -0.180576
31 2 -0.0746505 -0.171306
31 3 -0.0698448 -0.162204
31 4 -0.0712165 -0.153076
31 5 -0.0709067 -0.1442
31 6 -0.0705599 -0.135371
31 7 -0.0707271 -0.126767
31 8 -0.070346 -0.118324
31 9 -0.0703882 -0.110162
31 10 -0.0701234 -0.102319
31 11 -0.070055 -0.094902
31 12 -0.0698527 -0.087944
31 13 -0.0697326 -0.0814186
31 14 -0.0695624 -0.0751847
31 15 -0.0694332 -0.0690436
31 16 -0.0692939 -0.0627922
31 17 -0.0691823 -0.056291
31 18 -0.0690781 -0.0494785
31 19 -0.0689954 -0.0423606
31 20 -0.0689251 -0.0349808
31 21 -0.0688714 -0.027397
31 22 -0.0688305 -0.0196656
31 23 -0.0688042 -0.0118363
31 24 -0.0687912 -0.0039514
31 25 -0.0687912 0.0039514
31 26 -0.0688042 0.0118363
31 27 -0.0688305 0.0196656
31 28 -0.0688714 0.027397
31 29 -0.0689251 0.0349808
31 30 -0.0689954 0.0423606
31 31 -0.0690781 0.0494785
31 32 -0.0691823 0.056291
31 33 -0.0692939 0.0627922
31 34 -0.0694332 0.0690436
31 35 -0.0695624 0.0751847
31 36 -0.0697326 0.0814186
31 37 -0.0698527 0.087944
31 38 -0.070055 0.094902
31 39 -0.0701234 0.102319
31 40 -0.0703882 0.110162
31 41 -0.070346 0.118324
31 42 -0.0707271 0.126767
31 43 -0.0705599 0.135371
31 44 -0.0709067 0.1442
31 45 -0.0712165 0.153076
31 46 -0.0698448 0.162204
31 47 -0.0746505 0.171306
31 48 -0.0627556 0.180576
31 49 0 0
32 0 0 0
32 1 -0.0610348 -0.180474
32 2 -0.0725937 -0.171189
32 3 -0.0678322 -0.16209
32 4 -0.0692346 -0.15295
32 5 -0.0688503 -0.144074
32 6 -0.0685569 -0.135238
32 7 -0.0686768 -0.126633
32 8 -0.068326 -0.118185
32 9 -0.0683504 -0.110019
32 10 -0.0681027 -0.102172
32 11 -0.0680325 -0.0947527
32 12 -0.0678428 -0.0877929
32 13 -0.0677281 -0.0812691
32 14 -0.0675686 -0.0750409
32 15 -0.0674463 -0.0689101
32 16 -0.0673154 -0.0626721
32 17 -0.0672102 -0.0561858
32 18 -0.0671122 -0.0493885
32 19 -0.0670339 -0.0422859
32 20 -0.0669669 -0.034921
32 21 -0.0669159 -0.0273514
32 22 -0.0668774 -0.0196332
32 23 -0.0668525 -0.0118168
32 24 -0.0668396 -0.00394486
32 25 -0.0668396 0.00394486
32 26 -0.0668525 0.0118168
32 27 -0.0668774 0.0196332
32 28 -0.0669159 0.0273514
32 29 -0.0669669 0.034921
32 30 -0.0670339 0.0422859
32 31 -0.0671122 0.0493885
32 32 -0.0672102 0.0561858
32 33 -0.0673154 0.0626721
32 34 -0.0674463 0.0689101
32 35 -0.0675686 0.0750409
32 36 -0.0677281 0.0812691
32 37 -0.0678428 0.0877929
32 38 -0.0680325 0.0947527
32 39 -0.0681027 0.102172
32 40 -0.0683504 0.110019
32 41 -0.068326 0.118185
32 42 -0.0686768 0.126633
32 43 -0.0685569 0.135238
32 44 -0.0688503 0.144074
32 45 -0.0692346 0.15295
32 46 -0.0678322 0.16209
32 47 -0.0725937 0.171189
32 48 -0.0610348 0.180474
32 49 0 0
33 0 0 0
33 1 -0.0590993 -0.180345
33 2 -0.0703021 -0.171063
33 3 -0.0655922 -0.16196
33 4 -0.0670317 -0.152818
33 5 -0.0665741 -0.143942
33 6 -0.0663423 -0.135103
33 7 -0.0664165 -0.126499
33 8 -0.0661031 -0.118049
33 9 -0.0661126 -0.109882
33 10 -0.0658877 -0.102033
33 11 -0.0658193 -0.094612
33 12 -0.0656471 -0.0876516
33 13 -0.0655416 -0.0811299
33 14 -0.0653971 -0.0749076
33 15 -0.0652859 -0.0687862
33 16 -0.0651678 -0.0625604
33 17 -0.0650726 -0.0560881
33 18 -0.0649842 -0.0493053
33 19 -0.0649135 -0.0422169
33 20 -0.0648534 -0.0348655
33 21 -0.0648077 -0.0273086
33 22 -0.0647731 -0.019603
33 23 -0.0647506 -0.0117989
33 24 -0.0647392 -0.00393897
33 25 -0.0647392 0.00393897
33 26 -0.0647506 0.0117989
33 27 -0.0647731 0.019603
33 28 -0.0648077 0.0273086
33 29 -0.0648534 0.0348655
33 30 -0.0649135 0.0422169
33 31 -0.0649842 0.0493053
33 32 -0.0650726 0.0560881
33 33 -0.0651678 0.0625604
33 34 -0.0652859 0.0687862
33 35 -0.0653971 0.0749076
33 36 -0.0655416 0.0811299
33 37 -0.0656471 0.0876516
33 38 -0.0658193 0.094612
33 39 -0.0658877 0.102033
33 40 -0.0661126 0.109882
33 41 -0.0661031 0.118049
33 42 -0.0664165 0.126499
33 43 -0.0663423 0.135103
33 44 -0.0665741 0.143942
33 45 -0.0670317 0.152818
33 46 -0.0655922 0.16196
33 47 -0.0703021 0.171063
33 48 -0.0590993 0.180345
33 49 0 0
34 0 0 0
34 1 -0.0569117 -0.180193
34 2 -0.0677256 -0.170933
34 3 -0.0630914 -0.16182
34 4 -0.0645639 -0.152685
34 5 -0.0640428 -0.143809
34 6 -0.0638757 -0.134972
34 7 -0.0639086 -0.126369
34 8 -0.0636372 -0.11792
34 9 -0.0636347 -0.109755
34 10 -0.0634365 -0.101906
34 11 -0.0633727 -0.0944845
34 12 -0.0632211 -0.0875245
34 13 -0.0631273 -0.0810054
34 14 -0.0630007 -0.0747885
34 15 -0.0629031 -0.0686759
34 16 -0.0628002 -0.0624615
34 17 -0.0627174 -0.0560019
34 18 -0.0626409 -0.0492321
34 19 -0.0625801 -0.0421562
34 20 -0.0625289 -0.0348168
34 21 -0.0624899 -0.0272714
34 22 -0.0624604 -0.0195768
34 23 -0.0624413 -0.0117833
34 24 -0.0624319 -0.0039338
34 25 -0.0624319 0.0039338
34 26 -0.0624413 0.0117833
34 27 -0.0624604 0.0195768
34 28 -0.0624899 0.0272714
34 29 -0.0625289 0.0348168
34 30 -0.0625801 0.0421562
34 31 -0.0626409 0.0492321
34 32 -0.0627174 0.0560019
34 33 -0.0628002 0.0624615
34 34 -0.0629031 0.0686759
34 35 -0.0630007 0.0747885
34 36 -0.0631273 0.0810054
34 37 -0.0632211 0.0875245
34 38 -0.0633727 0.0944845
34 39 -0.0634365 0.101906
34 40 -0.0636347 0.109755
34 41 -0.0636372 0.11792
34 42 -0.0639086 0.126369
34 43 -0.0638757 0.134972
34 44 -0.0640428 0.143809
34 45 -0.0645639 0.152685
34 46 -0.0630914 0.16182
34 47 -0.0677256 0.170933
34 48 -0.0569117 0.180193
34 49 0 0
35 0 0 0
35 1 -0.0544535 -0.18003
35 2 -0.0648343 -0.170804
35 3 -0.060312 -0.161677
35 4 -0.0618036 -0.152557
35 5 -0.0612343 -0.143679
35 6 -0.0611295 -0.134849
35 7 -0.0611275 -0.126248
35 8 -0.0608992 -0.117803
35 9 -0.0608875 -0.10964
35 10 -0.0607177 -0.101792
35 11 -0.0606597 -0.0943719
35 12 -0.06053 -0.0874131
35 13 -0.0604489 -0.0808967
35 14 -0.0603411 -0.0746852
35 15 -0.0602579 -0.0685807
35 16 -0.0601709 -0.0623765
35 17 -0.0601012 -0.0559282
35 18 -0.0600375 -0.0491698
35 19 -0.0599873 -0.042105
35 20 -0.0599452 -0.034776
35 21 -0.0599134 -0.0272404
35 22 -0.0598897 -0.019555
35 23 -0.0598745 -0.0117703
35 24 -0.0598668 -0.00392946
35 25 -0.0598668 0.00392946
35 26 -0.0598745 0.0117703
35 27 -0.0598897 0.019555
35 28 -0.0599134 0.0272404
35 29 -0.0599452 0.034776
35 30 -0.0599873 0.042105
35 31 -0.0600375 0.0491698
35 32 -0.0601012 0.0559282
35 33 -0.0601709 0.0623765
35 34 -0.0602579 0.0685807
35 35 -0.0603411 0.0746852
35 36 -0.0604489 0.0808967
35 37 -0.06053 0.0874131
35 38 -0.0606597 0.0943719
35 39 -0.0607177 0.101792
35 40 -0.0608875 0.10964
35 41 -0.0608992 0.117803
35 42 -0.0611275 0.126248
35 43 -0.0611295 0.134849
35 44 -0.0612343 0.143679
35 45 -0.0618036 0.152557
35 46 -0.060312 0.161677
35 47 -0.0648343 0.170804
35 48 -0.0544535 0.18003
35 49 0 0
36 0 0 0
36 1 -0.0517262 -0.179863
36 2 -0.0616223 -0.170679
36 3 -0.0572535 -0.161536
36 4 -0.0587434 -0.152436
36 5 -0.0581441 -0.143555
36 6 -0.0580946 -0.134736
36 7 -0.0580646 -0.126138
36 8 -0.0578774 -0.117699
36 9 -0.0578589 -0.109539
36 10 -0.0577168 -0.101694
36 11 -0.057665 -0.0942751
36 12 -0.0575567 -0.0873181
36 13 -0.0574878 -0.0808045
36 14 -0.0573981 -0.074598
36 15 -0.0573286 -0.0685008
36 16 -0.0572568 -0.0623057
36 17 -0.0571995 -0.0558674
36 18 -0.0571479 -0.049119
36 19 -0.0571074 -0.0420637
36 20 -0.0570741 -0.0347434
36 21 -0.0570492 -0.0272158
36 22 -0.0570308 -0.0195378
36 23 -0.057019 -0.0117602
36 24 -0.0570131 -0.00392613
36 25 -0.0570131 0.00392613
36 26 -0.057019 0.0117602
36 27 -0.0570308 0.0195378
36 28 -0.0570492 0.0272158
36 29 -0.0570741 0.0347434
36 30 -0.0571074 0.0420637
36 31 -0.0571479 0.049119
36 32 -0.0571995 0.0558674
36 33 -0.0572568 0.0623057
36 34 -0.0573286 0.0685008
36 35 -0.0573981 0.074598
36 36 -0.0574878 0.0808045
36 37 -0.0575567 0.0873181
36 38 -0.057665 0.0942751
36 39 -0.0577168 0.101694
36 40 -0.0578589 0.109539
36 41 -0.0578774 0.117699
36 42 -0.0580646 0.126138
36 43 -0.0580946 0.134736
36 44 -0.0581441 0.143555
36 45 -0.0587434 0.152436
36 46 -0.0572535 0.161536
36 47 -0.0616223 0.170679
36 48 -0.0517262 0.179863
36 49 0 0
37 0 0 0
37 1 -0.0487471 -0.179701
37 2 -0.0581048 -0.170561
37 3 -0.0539308 -0.161402
37 4 -0.0553952 -0.152325
37 5 -0.0547841 -0.143442
37 6 -0.0547799 -0.134635
37 7 -0.054729 -0.126039
37 8 -0.0545786 -0.117608
37 9 -0.0545551 -0.109451
37 10 -0.0544382 -0.10161
37 11 -0.0543924 -0.0941931
37 12 -0.0543034 -0.0872384
37 13 -0.0542454 -0.0807275
37 14 -0.0541719 -0.0745255
37 15 -0.0541143 -0.0684348
37 16 -0.0540559 -0.0622478
37 17 -0.0540094 -0.0558181
37 18 -0.0539681 -0.0490784
37 19 -0.0539361 -0.042031
37 20 -0.0539102 -0.0347179
37 21 -0.0538911 -0.0271967
37 22 -0.053877 -0.0195247
37 23 -0.0538681 -0.0117525
37 24 -0.0538638 -0.0039236
37 25 -0.0538638 0.0039236
37 26 -0.0538681 0.0117525
37 27 -0.053877 0.0195247
37 28 -0.0538911 0.0271967
37 29 -0.0539102 0.0347179
37 30 -0.0539361 0.042031
37 31 -0.0539681 0.0490784
37 32 -0.0540094 0.0558181
37 33 -0.0540559 0.0622478
37 34 -0.0541143 0.0684348
37 35 -0.0541719 0.0745255
37 36 -0.0542454 0.0807275
37 37 -0.0543034 0.0872384
37 38 -0.0543924 0.0941931
37 39 -0.0544382 0.10161
37 40 -0.0545551 0.109451
37 41 -0.0545786 0.117608
37 42 -0.054729 0.126039
37 43 -0.0547799 0.134635
37 44 -0.0547841 0.143442
37 45 -0.0553952 0.152325
37 46 -0.0539308 0.161402
37 47 -0.0581048 0.170561
37 48 -0.0487471 0.179701
37 49 0 0
38 0 0 0
38 1 -0.0455427 -0.179549
38 2 -0.054311 -0.17045
38 3 -0.0503689 -0.161278
38 4 -0.0517842 -0.152223
38 5 -0.0511775 -0.143338
38 6 -0.0512078 -0.134545
38 7 -0.0511424 -0.125952
38 8 -0.0510232 -0.117529
38 9 -0.0509963 -0.109376
38 10 -0.0509014 -0.101539
38 11 -0.0508607 -0.0941245
38 12 -0.0507883 -0.0871722
38 13 -0.0507394 -0.0806638
38 14 -0.0506796 -0.0744659
38 15 -0.0506319 -0.0683808
38 16 -0.0505845 -0.0622008
38 17 -0.0505466 -0.0557786
38 18 -0.0505137 -0.0490461
38 19 -0.0504883 -0.0420054
38 20 -0.0504681 -0.0346983
38 21 -0.0504533 -0.0271823
38 22 -0.0504427 -0.0195148
38 23 -0.050436 -0.0117467
38 24 -0.0504327 -0.00392169
38 25 -0.0504327 0.00392169
38 26 -0.050436 0.0117467
38 27 -0.0504427 0.0195148
38 28 -0.0504533 0.0271823
38 29 -0.0504681 0.0346983
38 30 -0.0504883 0.0420054
38 31 -0.0505137 0.0490461
38 32 -0.0505466 0.0557786
38 33 -0.0505845 0.0622008
38 34 -0.0506319 0.0683808
38 35 -0.0506796 0.0744659
38 36 -0.0507394 0.0806638
38 37 -0.0507883 0.0871722
38 38 -0.0508607 0.0941245
38 39 -0.0509014 0.101539
38 40 -0.0509963 0.109376
38 41 -0.0510232 0.117529
38 42 -0.0511424 0.125952
38 43 -0.0512078 0.134545
38 44 -0.0511775 0.143338
38 45 -0.0517842 0.152223
38 46 -0.0503689 0.161278
38 47 -0.054311 0.17045
38 48 -0.0455427 0.179549
38 49 0 0
39 0 0 0
39 1 -0.042143 -0.179409
39 2 -0.050276 -0.170346
39 3 -0.0465971 -0.161165
39 4 -0.0479422 -0.15213
39 5 -0.0473537 -0.143246
39 6 -0.047408 -0.134465
39 7 -0.0473336 -0.125876
39 8 -0.0472399 -0.117461
39 9 -0.0472109 -0.109311
39 10 -0.0471341 -0.10148
39 11 -0.0470977 -0.0940671
39 12 -0.047039 -0.0871172
39 13 -0.0469974 -0.080611
39 14 -0.0469486 -0.0744167
39 15 -0.0469086 -0.0683364
39 16 -0.0468699 -0.0621624
39 17 -0.0468386 -0.0557466
39 18 -0.0468119 -0.0490204
39 19 -0.0467913 -0.0419853
39 20 -0.0467753 -0.034683
39 21 -0.0467635 -0.0271712
39 22 -0.0467553 -0.0195073
39 23 -0.04675 -0.0117424
39 24 -0.0467475 -0.00392027
39 25 -0.0467475 0.00392027
39 26 -0.04675 0.0117424
39 27 -0.0467553 0.0195073
39 28 -0.0467635 0.0271712
39 29 -0.0467753 0.034683
39 30 -0.0467913 0.0419853
39 31 -0.0468119 0.0490204
39 32 -0.0468386 0.0557466
39 33 -0.0468699 0.0621624
39 34 -0.0469086 0.0683364
39 35 -0.0469486 0.0744167
39 36 -0.0469974 0.080611
39 37 -0.047039 0.0871172
39 38 -0.0470977 0.0940671
39 39 -0.0471341 0.10148
39 40 -0.0472109 0.109311
39 41 -0.0472399 0.117461
39 42 -0.0473336 0.125876
39 43 -0.047408 0.134465
39 44 -0.0473537 0.143246
39 45 -0.0479422 0.15213
39 46 -0.0465971 0.161165
39 47 -0.050276 0.170346
39 48 -0.042143 0.179409
39 49 0 0
40 0 0 0
40 1 -0.0385765 -0.179283
40 2 -0.046035 -0.17025
40 3 -0.0426446 -0.161063
40 4 -0.043902 -0.152046
40 5 -0.0433425 -0.143163
40 6 -0.043412 -0.134394
40 7 -0.0433329 -0.125809
40 8 -0.0432596 -0.117402
40 9 -0.0432294 -0.109256
40 10 -0.0431672 -0.10143
40 11 -0.0431344 -0.0940189
40 12 -0.0430866 -0.0870713
40 13 -0.0430507 -0.0805669
40 14 -0.0430105 -0.0743758
40 15 -0.0429764 -0.0682995
40 16 -0.0429443 -0.0621306
40 17 -0.0429177 -0.0557202
40 18 -0.0428955 -0.0489993
40 19 -0.0428782 -0.0419689
40 20 -0.0428649 -0.0346707
40 21 -0.0428552 -0.0271623
40 22 -0.0428484 -0.0195013
40 23 -0.0428441 -0.0117389
40 24 -0.042842 -0.00391915
40 25 -0.042842 0.00391915
40 26 -0.0428441 0.0117389
40 27 -0.0428484 0.0195013
40 28 -0.0428552 0.0271623
40 29 -0.0428649 0.0346707
40 30 -0.0428782 0.0419689
40 31 -0.0428955 0.0489993
40 32 -0.0429177 0.0557202
40 33 -0.0429443 0.0621306
40 34 -0.0429764 0.0682995
40 35 -0.0430105 0.0743758
40 36 -0.0430507 0.0805669
40 37 -0.0430866 0.0870713
40 38 -0.0431344 0.0940189
40 39 -0.0431672 0.10143
40 40 -0.0432294 0.109256
40 41 -0.0432596 0.117402
40 42 -0.0433329 0.125809
40 43 -0.043412 0.134394
40 44 -0.0433425 0.143163
40 45 -0.043902 0.152046
40 46 -0.0426446 0.161063
40 47 -0.046035 0.17025
40 48 -0.0385765 0.179283
40 49 0 0
41 0 0 0
41 1 -0.0348684 -0.179168
41 2 -0.0416193 -0.170161
41 3 -0.0385378 -0.160972
41 4 -0.0396933 -0.151971
41 5 -0.0391716 -0.143089
41 6 -0.0392489 -0.134331
41 7 -0.0391686 -0.12575
41 8 -0.0391114 -0.117351
41 9 -0.0390809 -0.109209
41 10 -0.0390304 -0.101387
41 11 -0.0390005 -0.0939781
41 12 -0.0389613 -0.0870326
41 13 -0.0389298 -0.0805297
41 14 -0.0388962 -0.0743412
41 15 -0.0388667 -0.0682683
41 16 -0.0388394 -0.0621037
41 17 -0.0388163 -0.0556978
41 18 -0.0387973 -0.0489814
41 19 -0.0387822 -0.041955
41 20 -0.0387707 -0.0346602
41 21 -0.0387621 -0.0271547
41 22 -0.0387562 -0.0194962
41 23 -0.0387524 -0.011736
41 24 -0.0387506 -0.00391819
41 25 -0.0387506 0.00391819
41 26 -0.0387524 0.011736
41 27 -0.0387562 0.0194962
41 28 -0.0387621 0.0271547
41 29 -0.0387707 0.0346602
41 30 -0.0387822 0.041955
41 31 -0.0387973 0.0489814
41 32 -0.0388163 0.0556978
41 33 -0.0388394 0.0621037
41 34 -0.0388667 0.0682683
41 35 -0.0388962 0.0743412
41 36 -0.0389298 0.0805297
41 37 -0.0389613 0.0870326
41 38 -0.0390005 0.0939781
41 39 -0.0390304 0.101387
41 40 -0.0390809 0.109209
41 41 -0.0391114 0.117351
41 42 -0.0391686 0.12575
41 43 -0.0392489 0.134331
41 44 -0.0391716 0.143089
41 45 -0.0396933 0.151971
41 46 -0.0385378 0.160972
41 47 -0.0416193 0.170161
41 48 -0.0348684 0.179168
41 49 0 0
42 0 0 0
42 1 -0.0310398 -0.179066
42 2 -0.0370556 -0.170081
42 3 -0.0342997 -0.16089
42 4 -0.0353419 -0.151902
42 5 -0.034865 -0.143024
42 6 -0.0349443 -0.134275
42 7 -0.0348658 -0.125698
42 8 -0.0348211 -0.117307
42 9 -0.0347912 -0.109168
42 10 -0.03475 -0.10135
42 11 -0.0347228 -0.0939433
42 12 -0.0346902 -0.0869995
42 13 -0.0346624 -0.0804979
42 14 -0.0346341 -0.0743114
42 15 -0.034608 -0.0682413
42 16 -0.0345845 -0.0620804
42 17 -0.034564 -0.0556784
42 18 -0.0345474 -0.0489658
42 19 -0.0345338 -0.0419428
42 20 -0.0345235 -0.034651
42 21 -0.0345157 -0.027148
42 22 -0.0345103 -0.0194917
42 23 -0.0345067 -0.0117334
42 24 -0.034505 -0.00391733
42 25 -0.034505 0.00391733
42 26 -0.0345067 0.0117334
42 27 -0.0345103 0.0194917
42 28 -0.0345157 0.027148
42 29 -0.0345235 0.034651
42 30 -0.0345338 0.0419428
42 31 -0.0345474 0.0489658
42 32 -0.034564 0.0556784
42 33 -0.0345845 0.0620804
42 34 -0.034608 0.0682413
42 35 -0.0346341 0.0743114
42 36 -0.0346624 0.0804979
42 37 -0.0346902 0.0869995
42 38 -0.0347228 0.0939433
42 39 -0.03475 0.10135
42 40 -0.0347912 0.109168
42 41 -0.0348211 0.117307
42 42 -0.0348658 0.125698
42 43 -0.0349443 0.134275
42 44 -0.034865 0.143024
42 45 -0.0353419 0.151902
42 46 -0.0342997 0.16089
42 47 -0.0370556 0.170081
42 48 -0.0310398 0.179066
42 49 0 0
43 0 0 0
43 1 -0.0271082 -0.178975
43 2 -0.0323659 -0.170009
43 3 -0.0299493 -0.160817
43 4 -0.0308693 -0.151842
43 5 -0.0304432 -0.142966
43 6 -0.0305198 -0.134226
43 7 -0.0304457 -0.125654
43 8 -0.030411 -0.117268
43 9 -0.0303823 -0.109133
43 10 -0.0303487 -0.101318
43 11 -0.0303241 -0.0939134
43 12 -0.030297 -0.0869711
43 13 -0.0302725 -0.0804705
43 14 -0.0302484 -0.0742857
43 15 -0.0302254 -0.0682178
43 16 -0.030205 -0.0620599
43 17 -0.0301867 -0.0556612
43 18 -0.0301719 -0.0489518
43 19 -0.0301596 -0.0419317
43 20 -0.0301502 -0.0346425
43 21 -0.0301429 -0.0271418
43 22 -0.0301379 -0.0194874
43 23 -0.0301345 -0.0117309
43 24 -0.0301329 -0.00391652
43 25 -0.0301329 0.00391652
43 26 -0.0301345 0.0117309
43 27 -0.0301379 0.0194874
43 28 -0.0301429 0.0271418
43 29 -0.0301502 0.0346425
43 30 -0.0301596 0.0419317
43 31 -0.0301719 0.0489518
43 32 -0.0301867 0.0556612
43 33 -0.030205 0.0620599
43 34 -0.0302254 0.0682178
43 35 -0.0302484 0.0742857
43 36 -0.0302725 0.0804705
43 37 -0.030297 0.0869711
43 38 -0.0303241 0.0939134
43 39 -0.0303487 0.101318
43 40 -0.0303823 0.109133
43 41 -0.030411 0.117268
43 42 -0.0304457 0.125654
43 43 -0.0305198 0.134226
43 44 -0.0304432 0.142966
43 45 -0.0308693 0.151842
43 46 -0.0299493 0.160817
43 47 -0.0323659 0.170009
43 48 -0.0271082 0.178975
43 49 0 0
44 0 0 0
44 1 -0.0230884 -0.178895
44 2 -0.0275691 -0.169946
44 3 -0.0255035 -0.160754
44 4 -0.0262939 -0.151789
44 5 -0.0259237 -0.142916
44 6 -0.0259942 -0.134184
44 7 -0.0259267 -0.125615
44 8 -0.0259 -0.117234
44 9 -0.0258735 -0.109103
44 10 -0.0258463 -0.101291
44 11 -0.0258244 -0.0938878
44 12 -0.025802 -0.0869468
44 13 -0.0257806 -0.0804469
44 14 -0.0257602 -0.0742635
44 15 -0.0257402 -0.0681974
44 16 -0.0257226 -0.062042
44 17 -0.0257065 -0.0556459
44 18 -0.0256935 -0.0489393
44 19 -0.0256824 -0.0419217
44 20 -0.0256739 -0.0346348
44 21 -0.0256672 -0.027136
44 22 -0.0256625 -0.0194834
44 23 -0.0256594 -0.0117286
44 24 -0.0256579 -0.00391576
44 25 -0.0256579 0.00391576
44 26 -0.0256594 0.0117286
44 27 -0.0256625 0.0194834
44 28 -0.0256672 0.027136
44 29 -0.0256739 0.0346348
44 30 -0.0256824 0.0419217
44 31 -0.0256935 0.0489393
44 32 -0.0257065 0.0556459
44 33 -0.0257226 0.062042
44 34 -0.0257402 0.0681974
44 35 -0.0257602 0.0742635
44 36 -0.0257806 0.0804469
44 37 -0.025802 0.0869468
44 38 -0.0258244 0.0938878
44 39 -0.0258463 0.101291
44 40 -0.0258735 0.109103
44 41 -0.0259 0.117234
44 42 -0.0259267 0.125615
44 43 -0.0259942 0.134184
44 44 -0.0259237 0.142916
44 45 -0.0262939 0.151789
44 46 -0.0255035 0.160754
44 47 -0.0275691 0.169946
44 48 -0.0230884 0.178895
44 49 0 0
45 0 0 0
45 1 -0.0189941 -0.178828
45 2 -0.0226818 -0.169892
45 3 -0.0209773 -0.160701
45 4 -0.0216322 -0.151744
45 5 -0.0213225 -0.142874
45 6 -0.0213838 -0.134148
45 7 -0.0213252 -0.125582
45 8 -0.021305 -0.117206
45 9 -0.0212816 -0.109077
45 10 -0.0212601 -0.101269
45 11 -0.0212412 -0.0938663
45 12 -0.0212231 -0.0869263
45 13 -0.021205 -0.080427
45 14 -0.0211881 -0.0742445
45 15 -0.0211712 -0.0681799
45 16 -0.0211564 -0.0620265
45 17 -0.0211426 -0.0556326
45 18 -0.0211314 -0.0489283
45 19 -0.0211217 -0.0419128
45 20 -0.0211143 -0.0346278
45 21 -0.0211083 -0.0271308
45 22 -0.0211042 -0.0194798
45 23 -0.0211013 -0.0117264
45 24 -0.0211 -0.00391504
45 25 -0.0211 0.00391504
45 26 -0.0211013 0.0117264
45 27 -0.0211042 0.0194798
45 28 -0.0211083 0.0271308
45 29 -0.0211143 0.0346278
45 30 -0.0211217 0.0419128
45 31 -0.0211314 0.0489283
45 32 -0.0211426 0.0556326
45 33 -0.0211564 0.0620265
45 34 -0.0211712 0.0681799
45 35 -0.0211881 0.0742445
45 36 -0.021205 0.080427
45 37 -0.0212231 0.0869263
45 38 -0.0212412 0.0938663
45 39 -0.0212601 0.101269
45 40 -0.0212816 0.109077
45 41 -0.021305 0.117206
45 42 -0.0213252 0.125582
45 43 -0.0213838 0.134148
45 44 -0.0213225 0.142874
45 45 -0.0216322 0.151744
45 46 -0.0209773 0.160701
45 47 -0.0226818 0.169892
45 48 -0.0189941 0.178828
45 49 0 0
46 0 0 0
46 1 -0.0148383 -0.178772
46 2 -0.0177201 -0.169848
46 3 -0.016385 -0.160657
46 4 -0.0168996 -0.151708
46 5 -0.0166542 -0.142839
46 6 -0.0167043 -0.134118
46 7 -0.0166564 -0.125556
46 8 -0.0166417 -0.117184
46 9 -0.0166223 -0.109057
46 10 -0.0166059 -0.10125
46 11 -0.0165906 -0.0938488
46 12 -0.0165765 -0.0869096
46 13 -0.0165619 -0.0804107
46 14 -0.0165486 -0.074229
46 15 -0.016535 -0.0681655
46 16 -0.0165231 -0.0620136
46 17 -0.0165119 -0.0556215
46 18 -0.0165028 -0.0489189
46 19 -0.0164949 -0.0419052
46 20 -0.0164887 -0.0346218
46 21 -0.0164837 -0.0271262
46 22 -0.0164802 -0.0194766
46 23 -0.0164778 -0.0117245
46 24 -0.0164767 -0.00391441
46 25 -0.0164767 0.00391441
46 26 -0.0164778 0.0117245
46 27 -0.0164802 0.0194766
46 28 -0.0164837 0.0271262
46 29 -0.0164887 0.0346218
46 30 -0.0164949 0.0419052
46 31 -0.0165028 0.0489189
46 32 -0.0165119 0.0556215
46 33 -0.0165231 0.0620136
46 34 -0.016535 0.0681655
46 35 -0.0165486 0.074229
46 36 -0.0165619 0.0804107
46 37 -0.0165765 0.0869096
46 38 -0.0165906 0.0938488
46 39 -0.0166059 0.10125
46 40 -0.0166223 0.109057
46 41 -0.0166417 0.117184
46 42 -0.0166564 0.125556
46 43 -0.0167043 0.134118
46 44 -0.0166542 0.142839
46 45 -0.0168996 0.151708
46 46 -0.016385 0.160657
46 47 -0.0177201 0.169848
46 48 -0.0148383 0.178772
46 49 0 0
47 0 0 0
47 1 -0.0106339 -0.17873
47 2 -0.0126997 -0.169815
47 3 -0.011741 -0.160624
47 4 -0.0121114 -0.15168
47 5 -0.0119337 -0.142813
47 6 -0.0119706 -0.134096
47 7 -0.0119352 -0.125535
47 8 -0.0119251 -0.117166
47 9 -0.0119106 -0.109041
47 10 -0.011899 -0.101236
47 11 -0.0118877 -0.0938355
47 12 -0.0118776 -0.0868968
47 13 -0.0118669 -0.0803983
47 14 -0.0118573 -0.0742171
47 15 -0.0118472 -0.0681544
47 16 -0.0118386 -0.0620036
47 17 -0.0118303 -0.0556128
47 18 -0.0118235 -0.0489116
47 19 -0.0118176 -0.0418992
47 20 -0.011813 -0.034617
47 21 -0.0118092 -0.0271226
47 22 -0.0118066 -0.019474
47 23 -0.0118047 -0.011723
47 24 -0.0118039 -0.00391391
47 25 -0.0118039 0.00391391
47 26 -0.0118047 0.011723
47 27 -0.0118066 0.019474
47 28 -0.0118092 0.0271226
47 29 -0.011813 0.034617
47 30 -0.0118176 0.0418992
47 31 -0.0118235 0.0489116
47 32 -0.0118303 0.0556128
47 33 -0.0118386 0.0620036
47 34 -0.0118472 0.0681544
47 35 -0.0118573 0.0742171
47 36 -0.0118669 0.0803983
47 37 -0.0118776 0.0868968
47 38 -0.0118877 0.0938355
47 39 -0.011899 0.101236
47 40 -0.0119106 0.109041
47 41 -0.0119251 0.117166
47 42 -0.0119352 0.125535
47 43 -0.0119706 0.134096
47 44 -0.0119337 0.142813
47 45 -0.0121114 0.15168
47 46 -0.011741 0.160624
47 47 -0.0126997 0.169815
47 48 -0.0106339 0.17873
47 49 0 0
48 0 0 0
48 1 -0.00639454 -0.178702
48 2 -0.00763695 -0.169792
48 3 -0.00705967 -0.160601
48 4 -0.00728301 -0.151662
48 5 -0.00717537 -0.142795
48 6 -0.00719805 -0.134081
48 7 -0.00717624 -0.125522
48 8 -0.00717042 -0.117154
48 9 -0.00716144 -0.109031
48 10 -0.00715453 -0.101226
48 11 -0.00714756 -0.0938265
48 12 -0.00714147 -0.0868882
48 13 -0.00713492 -0.0803898
48 14 -0.00712906 -0.074209
48 15 -0.00712292 -0.0681468
48 16 -0.00711762 -0.0619968
48 17 -0.00711253 -0.0556068
48 18 -0.00710837 -0.0489066
48 19 -0.00710469 -0.041895
48 20 -0.00710183 -0.0346137
48 21 -0.00709949 -0.02712
48 22 -0.00709783 -0.0194722
48 23 -0.00709669 -0.0117219
48 24 -0.00709614 -0.00391355
48 25 -0.00709614 0.00391355
48 26 -0.00709669 0.0117219
48 27 -0.00709783 0.0194722
48 28 -0.00709949 0.02712
48 29 -0.00710183 0.0346137
48 30 -0.00710469 0.041895
48 31 -0.00710837 0.0489066
48 32 -0.00711253 0.0556068
48 33 -0.00711762 0.0619968
48 34 -0.00712292 0.0681468
48 35 -0.00712906 0.074209
48 36 -0.00713492 0.0803898
48 37 -0.00714147 0.0868882
48 38 -0.00714756 0.0938265
48 39 -0.00715453 0.101226
48 40 -0.00716144 0.109031
48 41 -0.00717042 0.117154
48 42 -0.00717624 0.125522
48 43 -0.00719805 0.134081
48 44 -0.00717537 0.142795
48 45 -0.00728301 0.151662
48 46 -0.00705967 0.160601
48 47 -0.00763695 0.169792
48 48 -0.00639454 0.178702
48 49 0 0
49 0 0 0
49 1 -0.00213389 -0.178688
49 2 -0.00254852 -0.169781
49 3 -0.00235574 -0.16059
49 4 -0.00243038 -0.151652
49 5 -0.00239433 -0.142787
49 6 -0.00240197 -0.134074
49 7 -0.00239461 -0.125515
49 8 -0.0023927 -0.117149
49 9 -0.00238966 -0.109025
49 10 -0.00238736 -0.101222
49 11 -0.00238501 -0.093822
49 12 -0.00238297 -0.0868838
49 13 -0.00238077 -0.0803855
49 14 -0.00237881 -0.0742049
49 15 -0.00237674 -0.0681429
49 16 -0.00237495 -0.0619933
49 17 -0.00237323 -0.0556038
49 18 -0.00237183 -0.048904
49 19 -0.00237058 -0.0418929
49 20 -0.00236961 -0.0346119
49 21 -0.00236882 -0.0271187
49 22 -0.00236825 -0.0194713
49 23 -0.00236786 -0.0117213
49 24 -0.00236768 -0.00391336
49 25 -0.00236768 0.00391336
49 26 -0.00236786 0.0117213
49 27 -0.00236825 0.0194713
49 28 -0.00236882 0.0271187
49 29 -0.00236961 0.0346119
49 30 -0.00237058 0.0418929
49 31 -0.00237183 0.048904
49 32 -0.00237323 0.0556038
49 33 -0.00237495 0.0619933
49 34 -0.00237674 0.0681429
49 35 -0.00237881 0.0742049
49 36 -0.00238077 0.0803855
49 37 -0.00238297 0.0868838
49 38 -0.00238501 0.093822
49 39 -0.00238736 0.101222
49 40 -0.00238966 0.109025
49 41 -0.0023927 0.117149
49 42 -0.00239461 0.125515
49 43 -0.00240197 0.134074
49 44 -0.00239433 0.142787
49 45 -0.00243038 0.151652
49 46 -0.00235574 0.16059
49 47 -0.00254852 0.169781
49 48 -0.00213389 0.178688
49 49 0 0
50 0 0 0
50 1 0.00213389 -0.178688
50 2 0.00254852 -0.169781
50 3 0.00235574 -0.16059
50 4 0.00243038 -0.151652
50 5 0.00239433 -0.142787
50 6 0.00240197 -0.134074
50 7 0.00239461 -0.125515
50 8 0.0023927 -0.117149
50 9 0.00238966 -0.109025
50 10 0.00238736 -0.101222
50 11 0.00238501 -0.093822
50 12 0.00238297 -0.0868838
50 13 0.00238077 -0.0803855
50 14 0.00237881 -0.0742049
50 15 0.00237674 -0.0681429
50 16 0.00237495 -0.0619933
50 17 0.00237323 -0.0556038
50 18 0.00237183 -0.048904
50 19 0.00237058 -0.0418929
50 20 0.00236961 -0.0346119
50 21 0.00236882 -0.0271187
50 22 0.00236825 -0.0194713
50 23 0.00236786 -0.0117213
50 24 0.00236768 -0.00391336
50 25 0.00236768 0.00391336
50 26 0.00236786 0.0117213
50 27 0.00236825 0.0194713
50 28 0.00236882 0.0271187
50 29 0.00236961 0.0346119
50 30 0.00237058 0.0418929
50 31 0.00237183 0.048904
50 32 0.00237323 0.0556038
50 33 0.00237495 0.0619933
50 34 0.00237674 0.0681429
50 35 0.00237881 0.0742049
50 36 0.00238077 0.0803855
50 37 0.00238297 0.0868838
50 38 0.00238501 0.093822
50 39 0.00238736 0.101222
50 40 0.00238966 0.109025
50 41 0.0023927 0.117149
50 42 0.00239461 0.125515
50 43 0.00240197 0.134074
50 44 0.00239433 0.142787
50 45 0.00243038 0.151652
50 46 0.00235574 0.16059
50 47 0.00254852 0.169781
50 48 0.00213389 0.178688
50 49 0 0
51 0 0 0
51 1 0.00639454 -0.178702
51 2 0.00763695 -0.169792
51 3 0.00705967 -0.160601
51 4 0.00728301 -0.151662
51 5 0.00717537 -0.142795
51 6 0.00719805 -0.134081
51 7 0.00717624 -0.125522
51 8 0.00717042 -0.117154
51 9 0.00716144 -0.109031
51 10 0.00715453 -0.101226
51 11 0.00714756 -0.0938265
51 12 0.00714147 -0.0868882
51 13 0.00713492 -0.0803898
51 14 0.00712906 -0.074209
51 15 0.00712292 -0.0681468
51 16 0.00711762 -0.0619968
51 17 0.00711253 -0.0556068
51 18 0.00710837 -0.0489066
51 19 0.00710469 -0.041895
51 20 0.00710183 -0.0346137
51 21 0.00709949 -0.02712
51 22 0.00709783 -0.0194722
51 23 0.00709669 -0.0117219
51 24 0.00709614 -0.00391355
51 25 0.00709614 0.00391355
51 26 0.00709669 0.0117219
51 27 0.00709783 0.0194722
51 28 0.00709949 0.02712
51 29 0.00710183 0.0346137
51 30 0.00710469 0.041895
51 31 0.00710837 0.0489066
51 32 0.00711253 0.0556068
51 33 0.00711762 0.0619968
51 34 0.00712292 0.0681468
51 35 0.00712906 0.074209
51 36 0.00713492 0.0803898
51 37 0.00714147 0.0868882
51 38 0.00714756 0.0938265
51 39 0.00715453 0.101226
51 40 0.00716144 0.109031
51 41 0.00717042 0.117154
51 42 0.00717624 0.125522
51 43 0.00719805 0.134081
51 44 0.00717537 0.142795
51 45 0.00728301 0.151662
51 46 0.00705967 0.160601
51 47 0.00763695 0.169792
51 48 0.00639454 0.178702
51 49 0 0
52 0 0 0
52 1 0.0106339 -0.17873
52 2 0.0126997 -0.169815
52 3 0.011741 -0.160624
52 4 0.0121114 -0.15168
52 5 0.0119337 -0.142813
52 6 0.0119706 -0.134096
52 7 0.0119352 -0.125535
52 8 0.0119251 -0.117166
52 9 0.0119106 -0.109041
52 10 0.011899 -0.101236
52 11 0.0118877 -0.0938355
52 12 0.0118776 -0.0868968
52 13 0.0118669 -0.0803983
52 14 0.0118573 -0.0742171
52 15 0.0118472 -0.0681544
52 16 0.0118386 -0.0620036
52 17 0.0118303 -0.0556128
52 18 0.0118235 -0.0489116
52 19 0.0118176 -0.0418992
52 20 0.011813 -0.034617
52 21 0.0118092 -0.0271226
52 22 0.0118066 -0.019474
52 23 0.0118047 -0.011723
52 24 0.0118039 -0.00391391
52 25 0.0118039 0.00391391
52 26 0.0118047 0.011723
52 27 0.0118066 0.019474
52 28 0.0118092 0.0271226
52 29 0.011813 0.034617
52 30 0.0118176 0.0418992
52 31 0.0118235 0.0489116
52 32 0.0118303 0.0556128
52 33 0.0118386 0.0620036
52 34 0.0118472 0.0681544
52 35 0.0118573 0.0742171
52 36 0.0118669 0.0803983
52 37 0.0118776 0.0868968
52 38 0.0118877 0.0938355
52 39 0.011899 0.101236
52 40 0.0119106 0.109041
52 41 0.0119251 0.117166
52 42 0.0119352 0.125535
52 43 0.0119706 0.134096
52 44 0.0119337 0.142813
52 45 0.0121114 0.15168
52 46 0.011741 0.160624
52 47 0.0126997 0.169815
52 48 0.0106339 0.17873
52 49 0 0
53 0 0 0
53 1 0.0148383 -0.178772
53 2 0.0177201 -0.169848
53 3 0.016385 -0.160657
53 4 0.0168996 -0.151708
53 5 0.0166542 -0.142839
53 6 0.0167043 -0.134118
53 7 0.0166564 -0.125556
53 8 0.0166417 -0.117184
53 9 0.0166223 -0.109057
53 10 0.0166059 -0.10125
53 11 0.0165906 -0.0938488
53 12 0.0165765 -0.0869096
53 13 0.0165619 -0.0804107
53 14 0.0165486 -0.074229
53 15 0.016535 -0.0681655
53 16 0.0165231 -0.0620136
53 17 0.0165119 -0.0556215
53 18 0.0165028 -0.0489189
53 19 0.0164949 -0.0419052
53 20 0.0164887 -0.0346218
53 21 0.0164837 -0.0271262
53 22 0.0164802 -0.0194766
53 23 0.0164778 -0.0117245
53 24 0.0164767 -0.00391441
53 25 0.0164767 0.00391441
53 26 0.0164778 0.0117245
53 27 0.0164802 0.0194766
53 28 0.0164837 0.0271262
53 29 0.0164887 0.0346218
53 30 0.0164949 0.0419052
53 31 0.0165028 0.0489189
53 32 0.0165119 0.0556215
53 33 0.0165231 0.0620136
53 34 0.016535 0.0681655
53 35 0.0165486 0.074229
53 36 0.0165619 0.0804107
53 37 0.0165765 0.0869096
53 38 0.0165906 0.0938488
53 39 0.0166059 0.10125
53 40 0.0166223 0.109057
53 41 0.0166417 0.117184
53 42 0.0166564 0.125556
53 43 0.0167043 0.134118
53 44 0.0166542 0.142839
53 45 0.0168996 0.151708
53 46 0.016385 0.160657
53 47 0.0177201 0.169848
53 48 0.0148383 0.178772
53 49 0 0
54 0 0 0
54 1 0.0189941 -0.178828
54 2 0.0226818 -0.169892
54 3 0.0209773 -0.160701
54 4 0.0216322 -0.151744
54 5 0.0213225 -0.142874
54 6 0.0213838 -0.134148
54 7 0.0213252 -0.125582
54 8 0.021305 -0.117206
54 9 0.0212816 -0.109077
54 10 0.0212601 -0.101269
54 11 0.0212412 -0.0938663
54 12 0.0212231 -0.0869263
54 13 0.021205 -0.080427
54 14 0.0211881 -0.0742445
54 15 0.0211712 -0.0681799
54 16 0.0211564 -0.0620265
54 17 0.0211426 -0.0556326
54 18 0.0211314 -0.0489283
54 19 0.0211217 -0.0419128
54 20 0.0211143 -0.0346278
54 21 0.0211083 -0.0271308
54 22 0.0211042 -0.0194798
54 23 0.0211013 -0.0117264
54 24 0.0211 -0.00391504
54 25 0.0211 0.00391504
54 26 0.0211013 0.0117264
54 27 0.0211042 0.0194798
54 28 0.0211083 0.0271308
54 29 0.0211143 0.0346278
54 30 0.0211217 0.0419128
54 31 0.0211314 0.0489283
54 32 0.0211426 0.0556326
54 33 0.0211564 0.0620265
54 34 0.0211712 0.0681799
54 35 0.0211881 0.0742445
54 36 0.021205 0.080427
54 37 0.0212231 0.0869263
54 38 0.0212412 0.0938663
54 39 0.0212601 0.101269
54 40 0.0212816 0.109077
54 41 0.021305 0.117206
54 42 0.0213252 0.125582
54 43 0.0213838 0.134148
54 44 0.0213225 0.142874
54 45 0.0216322 0.151744
54 46 0.0209773 0.160701
54 47 0.0226818 0.169892
54 48 0.0189941 0.178828
54 49 0 0
55 0 0 0
55 1 0.0230884 -0.178895
55 2 0.0275691 -0.169946
55 3 0.0255035 -0.160754
55 4 0.0262939 -0.151789
55 5 0.0259237 -0.142916
55 6 0.0259942 -0.134184
55 7 0.0259267 -0.125615
55 8 0.0259 -0.117234
55 9 0.0258735 -0.109103
55 10 0.0258463 -0.101291
55 11 0.0258244 -0.0938878
55 12 0.025802 -0.0869468
55 13 0.0257806 -0.0804469
55 14 0.0257602 -0.0742635
55 15 0.0257402 -0.0681974
55 16 0.0257226 -0.062042
55 17 0.0257065 -0.0556459
55 18 0.0256935 -0.0489393
55 19 0.0256824 -0.0419217
55 20 0.0256739 -0.0346348
55 21 0.0256672 -0.027136
55 22 0.0256625 -0.0194834
55 23 0.0256594 -0.0117286
55 24 0.0256579 -0.00391576
55 25 0.0256579 0.00391576
55 26 0.0256594 0.0117286
55 27 0.0256625 0.0194834
55 28 0.0256672 0.027136
55 29 0.0256739 0.0346348
55 30 0.0256824 0.0419217
55 31 0.0256935 0.0489393
55 32 0.0257065 0.0556459
55 33 0.0257226 0.062042
55 34 0.0257402 0.0681974
55 35 0.0257602 0.0742635
55 36 0.0257806 0.0804469
55 37 0.025802 0.0869468
55 38 0.0258244 0.0938878
55 39 0.0258463 0.101291
55 40 0.0258735 0.109103
55 41 0.0259 0.117234
55 42 0.0259267 0.125615
55 43 0.0259942 0.134184
55 44 0.0259237 0.142916
55 45 0.0262939 0.151789
55 46 0.0255035 0.160754
55 47 0.0275691 0.169946
55 48 0.0230884 0.178895
55 49 0 0
56 0 0 0
56 1 0.0271082 -0.178975
56 2 0.0323659 -0.170009
56 3 0.0299493 -0.160817
56 4 0.0308693 -0.151842
56 5 0.0304432 -0.142966
56 6 0.0305198 -0.134226
56 7 0.0304457 -0.125654
56 8 0.030411 -0.117268
56 9 0.0303823 -0.109133
56 10 0.0303487 -0.101318
56 11 0.0303241 -0.0939134
56 12 0.030297 -0.0869711
56 13 0.0302725 -0.0804705
56 14 0.0302484 -0.0742857
56 15 0.0302254 -0.0682178
56 16 0.030205 -0.0620599
56 17 0.0301867 -0.0556612
56 18 0.0301719 -0.0489518
56 19 0.0301596 -0.0419317
56 20 0.0301502 -0.0346425
56 21 0.0301429 -0.0271418
56 22 0.0301379 -0.0194874
56 23 0.0301345 -0.0117309
56 24 0.0301329 -0.00391652
56 25 0.0301329 0.00391652
56 26 0.0301345 0.0117309
56 27 0.0301379 0.0194874
56 28 0.0301429 0.0271418
56 29 0.0301502 0.0346425
56 30 0.0301596 0.0419317
56 31 0.0301719 0.0489518
56 32 0.0301867 0.0556612
56 33 0.030205 0.0620599
56 34 0.0302254 0.0682178
56 35 0.0302484 0.0742857
56 36 0.0302725 0.0804705
56 37 0.030297 0.0869711
56 38 0.0303241 0.0939134
56 39 0.0303487 0.101318
56 40 0.0303823 0.109133
56 41 0.030411 0.117268
56 42 0.0304457 0.125654
56 43 0.0305198 0.134226
56 44 0.0304432 0.142966
56 45 0.0308693 0.151842
56 46 0.0299493 0.160817
56 47 0.0323659 0.170009
56 48 0.0271082 0.178975
56 49 0 0
57 0 0 0
57 1 0.0310398 -0.179066
57 2 0.0370556 -0.170081
57 3 0.0342997 -0.16089
57 4 0.0353419 -0.151902
57 5 0.034865 -0.143024
57 6 0.0349443 -0.134275
57 7 0.0348658 -0.125698
57 8 0.0348211 -0.117307
57 9 0.0347912 -0.109168
57 10 0.03475 -0.10135
57 11 0.0347228 -0.0939433
57 12 0.0346902 -0.0869995
57 13 0.0346624 -0.0804979
57 14 0.0346341 -0.0743114
57 15 0.034608 -0.0682413
57 16 0.0345845 -0.0620804
57 17 0.034564 -0.0556784
57 18 0.0345474 -0.0489658
57 19 0.0345338 -0.0419428
57 20 0.0345235 -0.034651
57 21 0.0345157 -0.027148
57 22 0.0345103 -0.0194917
57 23 0.0345067 -0.0117334
57 24 0.034505 -0.00391733
57 25 0.034505 0.00391733
57 26 0.0345067 0.0117334
57 27 0.0345103 0.0194917
57 28 0.0345157 0.027148
57 29 0.0345235 0.034651
57 30 0.0345338 0.0419428
57 31 0.0345474 0.0489658
57 32 0.034564 0.0556784
57 33 0.0345845 0.0620804
57 34 0.034608 0.0682413
57 35 0.0346341 0.0743114
57 36 0.0346624 0.0804979
57 37 0.0346902 0.0869995
57 38 0.0347228 0.0939433
57 39 0.03475 0.10135
57 40 0.0347912 0.109168
57 41 0.0348211 0.117307
57 42 0.0348658 0.125698
57 43 0.0349443 0.134275
57 44 0.034865 0.143024
57 45 0.0353419 0.151902
57 46 0.0342997 0.16089
57 47 0.0370556 0.170081
57 48 0.0310398 0.179066
57 49 0 0
58 0 0 0
58 1 0.0348684 -0.179168
58 2 0.0416193 -0.170161
58 3 0.0385378 -0.160972
58 4 0.0396933 -0.151971
58 5 0.0391716 -0.143089
58 6 0.0392489 -0.134331
58 7 0.0391686 -0.12575
58 8 0.0391114 -0.117351
58 9 0.0390809 -0.109209
58 10 0.0390304 -0.101387
58 11 0.0390005 -0.0939781
58 12 0.0389613 -0.0870326
58 13 0.0389298 -0.0805297
58 14 0.0388962 -0.0743412
58 15 0.0388667 -0.0682683
58 16 0.0388394 -0.0621037
58 17 0.0388163 -0.0556978
58 18 0.0387973 -0.0489814
58 19 0.0387822 -0.041955
58 20 0.0387707 -0.0346602
58 21 0.0387621 -0.0271547
58 22 0.0387562 -0.0194962
58 23 0.0387524 -0.011736
58 24 0.0387506 -0.00391819
58 25 0.0387506 0.00391819
58 26 0.0387524 0.011736
58 27 0.0387562 0.0194962
58 28 0.0387621 0.0271547
58 29 0.0387707 0.0346602
58 30 0.0387822 0.041955
58 31 0.0387973 0.0489814
58 32 0.0388163 0.0556978
58 33 0.0388394 0.0621037
58 34 0.0388667 0.0682683
58 35 0.0388962 0.0743412
58 36 0.0389298 0.0805297
58 37 0.0389613 0.0870326
58 38 0.0390005 0.0939781
58 39 0.0390304 0.101387
58 40 0.0390809 0.109209
58 41 0.0391114 0.117351
58 42 0.0391686 0.12575
58 43 0.0392489 0.134331
58 44 0.0391716 0.143089
58 45 0.0396933 0.151971
58 46 0.0385378 0.160972
58 47 0.0416193 0.170161
58 48 0.0348684 0.179168
58 49 0 0
59 0 0 0
59 1 0.0385765 -0.179283
59 2 0.046035 -0.17025
59 3 0.0426446 -0.161063
59 4 0.043902 -0.152046
59 5 0.0433425 -0.143163
59 6 0.043412 -0.134394
59 7 0.0433329 -0.125809
59 8 0.0432596 -0.117402
59 9 0.0432294 -0.109256
59 10 0.0431672 -0.10143
59 11 0.0431344 -0.0940189
59 12 0.0430866 -0.0870713
59 13 0.0430507 -0.0805669
59 14 0.0430105 -0.0743758
59 15 0.0429764 -0.0682995
59 16 0.0429443 -0.0621306
59 17 0.0429177 -0.0557202
59 18 0.0428955 -0.0489993
59 19 0.0428782 -0.0419689
59 20 0.0428649 -0.0346707
59 21 0.0428552 -0.0271623
59 22 0.0428484 -0.0195013
59 23 0.0428441 -0.0117389
59 24 0.042842 -0.00391915
59 25 0.042842 0.00391915
59 26 0.0428441 0.0117389
59 27 0.0428484 0.0195013
59 28 0.0428552 0.0271623
59 29 0.0428649 0.0346707
59 30 0.0428782 0.0419689
59 31 0.0428955 0.0489993
59 32 0.0429177 0.0557202
59 33 0.0429443 0.0621306
59 34 0.0429764 0.0682995
59 35 0.0430105 0.0743758
59 36 0.0430507 0.0805669
59 37 0.0430866 0.0870713
59 38 0.0431344 0.0940189
59 39 0.0431672 0.10143
59 40 0.0432294 0.109256
59 41 0.0432596 0.117402
59 42 0.0433329 0.125809
59 43 0.043412 0.134394
59 44 0.0433425 0.143163
59 45 0.043902 0.152046
59 46 0.0426446 0.161063
59 47 0.046035 0.17025
59 48 0.0385765 0.179283
59 49 0 0
60 0 0 0
60 1 0.042143 -0.179409
60 2 0.050276 -0.170346
60 3 0.0465971 -0.161165
60 4 0.0479422 -0.15213
60 5 0.0473537 -0.143246
60 6 0.047408 -0.134465
60 7 0.0473336 -0.125876
60 8 0.0472399 -0.117461
60 9 0.0472109 -0.109311
60 10 0.0471341 -0.10148
60 11 0.0470977 -0.0940671
60 12 0.047039 -0.0871172
60 13 0.0469974 -0.080611
60 14 0.0469486 -0.0744167
60 15 0.0469086 -0.0683364
60 16 0.0468699 -0.0621624
60 17 0.0468386 -0.0557466
60 18 0.0468119 -0.0490204
60 19 0.0467913 -0.0419853
60 20 0.0467753 -0.034683
60 21 0.0467635 -0.0271712
60 22 0.0467553 -0.0195073
60 23 0.04675 -0.0117424
60 24 0.0467475 -0.00392027
60 25 0.0467475 0.00392027
60 26 0.04675 0.0117424
60 27 0.0467553 0.0195073
60 28 0.0467635 0.0271712
60 29 0.0467753 0.034683
60 30 0.0467913 0.0419853
60 31 0.0468119 0.0490204
60 32 0.0468386 0.0557466
60 33 0.0468699 0.0621624
60 34 0.0469086 0.0683364
60 35 0.0469486 0.0744167
60 36 0.0469974 0.080611
60 37 0.047039 0.0871172
60 38 0.0470977 0.0940671
60 39 0.0471341 0.10148
60 40 0.0472109 0.109311
60 41 0.0472399 0.117461
60 42 0.0473336 0.125876
60 43 0.047408 0.134465
60 44 0.0473537 0.143246
60 45 0.0479422 0.15213
60 46 0.0465971 0.161165
60 47 0.050276 0.170346
60 48 0.042143 0.179409
60 49 0 0
61 0 0 0
61 1 0.0455427 -0.179549
61 2 0.054311 -0.17045
61 3 0.0503689 -0.161278
61 4 0.0517842 -0.152223
61 5 0.0511775 -0.143338
61 6 0.0512078 -0.134545
61 7 0.0511424 -0.125952
61 8 0.0510232 -0.117529
61 9 0.0509963 -0.109376
61 10 0.0509014 -0.101539
61 11 0.0508607 -0.0941245
61 12 0.0507883 -0.0871722
61 13 0.0507394 -0.0806638
61 14 0.0506796 -0.0744659
61 15 0.0506319 -0.0683808
61 16 0.0505845 -0.0622008
61 17 0.0505466 -0.0557786
61 18 0.0505137 -0.0490461
61 19 0.0504883 -0.0420054
61 20 0.0504681 -0.0346983
61 21 0.0504533 -0.0271823
61 22 0.0504427 -0.0195148
61 23 0.050436 -0.0117467
61 24 0.0504327 -0.00392169
61 25 0.0504327 0.00392169
61 26 0.050436 0.0117467
61 27 0.0504427 0.0195148
61 28 0.0504533 0.0271823
61 29 0.0504681 0.0346983
61 30 0.0504883 0.0420054
61 31 0.0505137 0.0490461
61 32 0.0505466 0.0557786
61 33 0.0505845 0.0622008
61 34 0.0506319 0.0683808
61 35 0.0506796 0.0744659
61 36 0.0507394 0.0806638
61 37 0.0507883 0.0871722
61 38 0.0508607 0.0941245
61 39 0.0509014 0.101539
61 40 0.0509963 0.109376
61 41 0.0510232 0.117529
61 42 0.0511424 0.125952
61 43 0.0512078 0.134545
61 44 0.0511775 0.143338
61 45 0.0517842 0.152223
61 46 0.0503689 0.161278
61 47 0.054311 0.17045
61 48 0.0455427 0.179549
61 49 0 0
62 0 0 0
62 1 0.0487471 -0.179701
62 2 0.0581048 -0.170561
62 3 0.0539308 -0.161402
62 4 0.0553952 -0.152325
62 5 0.0547841 -0.143442
62 6 0.0547799 -0.134635
62 7 0.054729 -0.126039
62 8 0.0545786 -0.117608
62 9 0.0545551 -0.109451
62 10 0.0544382 -0.10161
62 11 0.0543924 -0.0941931
62 12 0.0543034 -0.0872384
62 13 0.0542454 -0.0807275
62 14 0.0541719 -0.0745255
62 15 0.0541143 -0.0684348
62 16 0.0540559 -0.0622478
62 17 0.0540094 -0.0558181
62 18 0.0539681 -0.0490784
62 19 0.0539361 -0.042031
62 20 0.0539102 -0.0347179
62 21 0.0538911 -0.0271967
62 22 0.053877 -0.0195247
62 23 0.0538681 -0.0117525
62 24 0.0538638 -0.0039236
62 25 0.0538638 0.0039236
62 26 0.0538681 0.0117525
62 27 0.053877 0.0195247
62 28 0.0538911 0.0271967
62 29 0.0539102 0.0347179
62 30 0.0539361 0.042031
62 31 0.0539681 0.0490784
62 32 0.0540094 0.0558181
62 33 0.0540559 0.0622478
62 34 0.0541143 0.0684348
62 35 0.0541719 0.0745255
62 36 0.0542454 0.0807275
62 37 0.0543034 0.0872384
62 38 0.0543924 0.0941931
62 39 0.0544382 0.10161
62 40 0.0545551 0.109451
62 41 0.0545786 0.117608
62 42 0.054729 0.126039
62 43 0.0547799 0.134635
62 44 0.0547841 0.143442
62 45 0.0553952 0.152325
62 46 0.0539308 0.161402
62 47 0.0581048 0.170561
62 48 0.0487471 0.179701
62 49 0 0
63 0 0 0
63 1 0.0517262 -0.179863
63 2 0.0616223 -0.170679
63 3 0.0572535 -0.161536
63 4 0.0587434 -0.152436
63 5 0.0581441 -0.143555
63 6 0.0580946 -0.134736
63 7 0.0580646 -0.126138
63 8 0.0578774 -0.117699
63 9 0.0578589 -0.109539
63 10 0.0577168 -0.101694
63 11 0.057665 -0.0942751
63 12 0.0575567 -0.0873181
63 13 0.0574878 -0.0808045
63 14 0.0573981 -0.074598
63 15 0.0573286 -0.0685008
63 16 0.0572568 -0.0623057
63 17 0.0571995 -0.0558674
63 18 0.0571479 -0.049119
63 19 0.0571074 -0.0420637
63 20 0.0570741 -0.0347434
63 21 0.0570492 -0.0272158
63 22 0.0570308 -0.0195378
63 23 0.057019 -0.0117602
63 24 0.0570131 -0.00392613
63 25 0.0570131 0.00392613
63 26 0.057019 0.0117602
63 27 0.0570308 0.0195378
63 28 0.0570492 0.0272158
63 29 0.0570741 0.0347434
63 30 0.0571074 0.0420637
63 31 0.0571479 0.049119
63 32 0.0571995 0.0558674
63 33 0.0572568 0.0623057
63 34 0.0573286 0.0685008
63 35 0.0573981 0.074598
63 36 0.0574878 0.0808045
63 37 0.0575567 0.0873181
63 38 0.057665 0.0942751
63 39 0.0577168 0.101694
63 40 0.0578589 0.109539
63 41 0.0578774 0.117699
63 42 0.0580646 0.126138
63 43 0.0580946 0.134736
63 44 0.0581441 0.143555
63 45 0.0587434 0.152436
63 46 0.0572535 0.161536
63 47 0.0616223 0.170679
63 48 0.0517262 0.179863
63 49 0 0
64 0 0 0
64 1 0.0544535 -0.18003
64 2 0.0648343 -0.170804
64 3 0.060312 -0.161677
64 4 0.0618036 -0.152557
64 5 0.0612343 -0.143679
64 6 0.0611295 -0.134849
64 7 0.0611275 -0.126248
64 8 0.0608992 -0.117803
64 9 0.0608875 -0.10964
64 10 0.0607177 -0.101792
64 11 0.0606597 -0.0943719
64 12 0.06053 -0.0874131
64 13 0.0604489 -0.0808967
64 14 0.0603411 -0.0746852
64 15 0.0602579 -0.0685807
64 16 0.0601709 -0.0623765
64 17 0.0601012 -0.0559282
64 18 0.0600375 -0.0491698
64 19 0.0599873 -0.042105
64 20 0.0599452 -0.034776
64 21 0.0599134 -0.0272404
64 22 0.0598897 -0.019555
64 23 0.0598745 -0.0117703
64 24 0.0598668 -0.00392946
64 25 0.0598668 0.00392946
64 26 0.0598745 0.0117703
64 27 0.0598897 0.019555
64 28 0.0599134 0.0272404
64 29 0.0599452 0.034776
64 30 0.0599873 0.042105
64 31 0.0600375 0.0491698
64 32 0.0601012 0.0559282
64 33 0.0601709 0.0623765
64 34 0.0602579 0.0685807
64 35 0.0603411 0.0746852
64 36 0.0604489 0.0808967
64 37 0.06053 0.0874131
64 38 0.0606597 0.0943719
64 39 0.0607177 0.101792
64 40 0.0608875 0.10964
64 41 0.0608992 0.117803
64 42 0.0611275 0.126248
64 43 0.0611295 0.134849
64 44 0.0612343 0.143679
64 45 0.0618036 0.152557
64 46 0.060312 0.161677
64 47 0.0648343 0.170804
64 48 0.0544535 0.18003
64 49 0 0
65 0 0 0
65 1 0.0569117 -0.180193
65 2 0.0677256 -0.170933
65 3 0.0630914 -0.16182
65 4 0.0645639 -0.152685
65 5 0.0640428 -0.143809
65 6 0.0638757 -0.134972
65 7 0.0639086 -0.126369
65 8 0.0636372 -0.11792
65 9 0.0636347 -0.109755
65 10 0.0634365 -0.101906
65 11 0.0633727 -0.0944845
65 12 0.0632211 -0.0875245
65 13 0.0631273 -0.0810054
65 14 0.0630007 -0.0747885
65 15 0.0629031 -0.0686759
65 16 0.0628002 -0.0624615
65 17 0.0627174 -0.0560019
65 18 0.0626409 -0.0492321
65 19 0.0625801 -0.0421562
65 20 0.0625289 -0.0348168
65 21 0.0624899 -0.0272714
65 22 0.0624604 -0.0195768
65 23 0.0624413 -0.0117833
65 24 0.0624319 -0.0039338
65 25 0.0624319 0.0039338
65 26 0.0624413 0.0117833
65 27 0.0624604 0.0195768
65 28 0.0624899 0.0272714
65 29 0.0625289 0.0348168
65 30 0.0625801 0.0421562
65 31 0.0626409 0.0492321
65 32 0.0627174 0.0560019
65 33 0.0628002 0.0624615
65 34 0.0629031 0.0686759
65 35 0.0630007 0.0747885
65 36 0.0631273 0.0810054
65 37 0.0632211 0.0875245
65 38 0.0633727 0.0944845
65 39 0.0634365 0.101906
65 40 0.0636347 0.109755
65 41 0.0636372 0.11792
65 42 0.0639086 0.126369
65 43 0.0638757 0.134972
65 44 0.0640428 0.143809
65 45 0.0645639 0.152685
65 46 0.0630914 0.16182
65 47 0.0677256 0.170933
65 48 0.0569117 0.180193
65 49 0 0
66 0 0 0
66 1 0.0590993 -0.180345
66 2 0.0703021 -0.171063
66 3 0.0655922 -0.16196
66 4 0.0670317 -0.152818
66 5 0.0665741 -0.143942
66 6 0.0663423 -0.135103
66 7 0.0664165 -0.126499
66 8 0.0661031 -0.118049
66 9 0.0661126 -0.109882
66 10 0.0658877 -0.102033
66 11 0.0658193 -0.094612
66 12 0.0656471 -0.0876516
66 13 0.0655416 -0.0811299
66 14 0.0653971 -0.0749076
66 15 0.0652859 -0.0687862
66 16 0.0651678 -0.0625604
66 17 0.0650726 -0.0560881
66 18 0.0649842 -0.0493053
66 19 0.0649135 -0.0422169
66 20 0.0648534 -0.0348655
66 21 0.0648077 -0.0273086
66 22 0.0647731 -0.019603
66 23 0.0647506 -0.0117989
66 24 0.0647392 -0.00393897
66 25 0.0647392 0.00393897
66 26 0.0647506 0.0117989
66 27 0.0647731 0.019603
66 28 0.0648077 0.0273086
66 29 0.0648534 0.0348655
66 30 0.0649135 0.0422169
66 31 0.0649842 0.0493053
66 32 0.0650726 0.0560881
66 33 0.0651678 0.0625604
66 34 0.0652859 0.0687862
66 35 0.0653971 0.0749076
66 36 0.0655416 0.0811299
66 37 0.0656471 0.0876516
66 38 0.0658193 0.094612
66 39 0.0658877 0.102033
66 40 0.0661126 0.109882
66 41 0.0661031 0.118049
66 42 0.0664165 0.126499
66 43 0.0663423 0.135103
66 44 0.0665741 0.143942
66 45 0.0670317 0.152818
66 46 0.0655922 0.16196
66 47 0.0703021 0.171063
66 48 0.0590993 0.180345
66 49 0 0
67 0 0 0
67 1 0.0610348 -0.180474
67 2 0.0725937 -0.171189
67 3 0.0678322 -0.16209
67 4 0.0692346 -0.15295
67 5 0.0688503 -0.144074
67 6 0.0685569 -0.135238
67 7 0.0686768 -0.126633
67 8 0.068326 -0.118185
67 9 0.0683504 -0.110019
67 10 0.0681027 -0.102172
67 11 0.0680325 -0.0947527
67 12 0.0678428 -0.0877929
67 13 0.0677281 -0.0812691
67 14 0.0675686 -0.0750409
67 15 0.0674463 -0.0689101
67 16 0.0673154 -0.0626721
67 17 0.0672102 -0.0561858
67 18 0.0671122 -0.0493885
67 19 0.0670339 -0.0422859
67 20 0.0669669 -0.034921
67 21 0.0669159 -0.0273514
67 22 0.0668774 -0.0196332
67 23 0.0668525 -0.0118168
67 24 0.0668396 -0.00394486
67 25 0.0668396 0.00394486
67 26 0.0668525 0.0118168
67 27 0.0668774 0.0196332
67 28 0.0669159 0.0273514
67 29 0.0669669 0.034921
67 30 0.0670339 0.0422859
67 31 0.0671122 0.0493885
67 32 0.0672102 0.0561858
67 33 0.0673154 0.0626721
67 34 0.0674463 0.0689101
67 35 0.0675686 0.0750409
67 36 0.0677281 0.0812691
67 37 0.0678428 0.0877929
67 38 0.0680325 0.0947527
67 39 0.0681027 0.102172
67 40 0.0683504 0.110019
67 41 0.068326 0.118185
67 42 0.0686768 0.126633
67 43 0.0685569 0.135238
67 44 0.0688503 0.144074
67 45 0.0692346 0.15295
67 46 0.0678322 0.16209
67 47 0.0725937 0.171189
67 48 0.0610348 0.180474
67 49 0 0
68 0 0 0
68 1 0.0627556 -0.180576
68 2 0.0746505 -0.171306
68 3 0.0698448 -0.162204
68 4 0.0712165 -0.153076
68 5 0.0709067 -0.1442
68 6 0.0705599 -0.135371
68 7 0.0707271 -0.126767
68 8 0.070346 -0.118324
68 9 0.0703882 -0.110162
68 10 0.0701234 -0.102319
68 11 0.070055 -0.094902
68 12 0.0698527 -0.087944
68 13 0.0697326 -0.0814186
68 14 0.0695624 -0.0751847
68 15 0.0694332 -0.0690436
68 16 0.0692939 -0.0627922
68 17 0.0691823 -0.056291
68 18 0.0690781 -0.0494785
68 19 0.0689954 -0.0423606
68 20 0.0689251 -0.0349808
68 21 0.0688714 -0.027397
68 22 0.0688305 -0.0196656
68 23 0.0688042 -0.0118363
68 24 0.0687912 -0.0039514
68 25 0.0687912 0.0039514
68 26 0.0688042 0.0118363
68 27 0.0688305 0.0196656
68 28 0.0688714 0.027397
68 29 0.0689251 0.0349808
68 30 0.0689954 0.0423606
68 31 0.0690781 0.0494785
68 32 0.0691823 0.056291
68 33 0.0692939 0.0627922
68 34 0.0694332 0.0690436
68 35 0.0695624 0.0751847
68 36 0.0697326 0.0814186
68 37 0.0698527 0.087944
68 38 0.070055 0.094902
68 39 0.0701234 0.102319
68 40 0.0703882 0.110162
68 41 0.070346 0.118324
68 42 0.0707271 0.126767
68 43 0.0705599 0.135371
68 44 0.0709067 0.1442
68 45 0.0712165 0.153076
68 46 0.0698448 0.162204
68 47 0.0746505 0.171306
68 48 0.0627556 0.180576
68 49 0 0
69 0 0 0
69 1 0.0643125 -0.180653
69 2 0.0765326 -0.171411
69 3 0.0716725 -0.162301
69 4 0.0730282 -0.153192
69 5 0.0727849 -0.144316
69 6 0.0723954 -0.135498
69 7 0.0726084 -0.126898
69 8 0.0722049 -0.118463
69 9 0.0722671 -0.110305
69 10 0.0719916 -0.102469
69 11 0.0719292 -0.0950563
69 12 0.0717202 -0.088101
69 13 0.0715999 -0.0815744
69 14 0.0714241 -0.0753351
69 15 0.0712925 -0.0691835
69 16 0.0711499 -0.0629179
69 17 0.0710371 -0.0564004
69 18 0.0709312 -0.0495714
69 19 0.0708476 -0.0424377
69 20 0.0707769 -0.0350428
69 21 0.0707239 -0.0274442
69 22 0.0706833 -0.0196987
69 23 0.0706572 -0.0118559
69 24 0.0706441 -0.00395793
69 25 0.0706441 0.00395793
69 26 0.0706572 0.0118559
69 27 0.0706833 0.0196987
69 28 0.0707239 0.0274442
69 29 0.0707769 0.0350428
69 30 0.0708476 0.0424377
69 31 0.0709312 0.0495714
69 32 0.0710371 0.0564004
69 33 0.0711499 0.0629179
69 34 0.0712925 0.0691835
69 35 0.0714241 0.0753351
69 36 0.0715999 0.0815744
69 37 0.0717202 0.088101
69 38 0.0719292 0.0950563
69 39 0.0719916 0.102469
69 40 0.0722671 0.110305
69 41 0.0722049 0.118463
69 42 0.0726084 0.126898
69 43 0.0723954 0.135498
69 44 0.0727849 0.144316
69 45 0.0730282 0.153192
69 46 0.0716725 0.162301
69 47 0.0765326 0.171411
69 48 0.0643125 0.180653
69 49 0 0
70 0 0 0
70 1 0.0657589 -0.180708
70 2 0.0782996 -0.171504
70 3 0.0733618 -0.162382
70 4 0.0747204 -0.153297
70 5 0.0745271 -0.144421
70 6 0.074106 -0.135617
70 7 0.0743595 -0.127022
70 8 0.0739409 -0.118596
70 9 0.0740239 -0.110444
70 10 0.0737441 -0.102615
70 11 0.0736913 -0.0952088
70 12 0.0734814 -0.0882576
70 13 0.0733658 -0.0817299
70 14 0.0731908 -0.0754847
70 15 0.0730619 -0.0693224
70 16 0.0729203 -0.0630429
70 17 0.0728104 -0.0565089
70 18 0.0727077 -0.0496625
70 19 0.0726277 -0.0425121
70 20 0.0725593 -0.0351022
70 21 0.0725085 -0.0274898
70 22 0.0724709 -0.0197306
70 23 0.0724467 -0.0118745
70 24 0.0724338 -0.00396397
70 25 0.0724338 0.00396397
70 26 0.0724467 0.0118745
70 27 0.0724709 0.0197306
70 28 0.0725085 0.0274898
70 29 0.0725593 0.0351022
70 30 0.0726277 0.0425121
70 31 0.0727077 0.0496625
70 32 0.0728104 0.0565089
70 33 0.0729203 0.0630429
70 34 0.0730619 0.0693224
70 35 0.0731908 0.0754847
70 36 0.0733658 0.0817299
70 37 0.0734814 0.0882576
70 38 0.0736913 0.0952088
70 39 0.0737441 0.102615
70 40 0.0740239 0.110444
70 41 0.0739409 0.118596
70 42 0.0743595 0.127022
70 43 0.074106 0.135617
70 44 0.0745271 0.144421
70 45 0.0747204 0.153297
70 46 0.0733618 0.162382
70 47 0.0782996 0.171504
70 48 0.0657589 0.180708
70 49 0 0
71 0 0 0
71 1 0.067146 -0.18075
71 2 0.0800038 -0.171588
71 3 0.0749596 -0.162453
71 4 0.0763423 -0.153395
71 5 0.0761763 -0.144518
71 6 0.0757341 -0.135729
71 7 0.076019 -0.127138
71 8 0.0755911 -0.118722
71 9 0.0756939 -0.110577
71 10 0.0754152 -0.102757
71 11 0.075375 -0.0953564
71 12 0.0751697 -0.0884105
71 13 0.0750625 -0.0818829
71 14 0.0748932 -0.075632
71 15 0.0747724 -0.069458
71 16 0.0746371 -0.0631635
71 17 0.074533 -0.0566134
71 18 0.0744358 -0.0497507
71 19 0.0743625 -0.0425838
71 20 0.0743001 -0.0351581
71 21 0.0742536 -0.0275315
71 22 0.0742187 -0.0197601
71 23 0.0741972 -0.0118923
71 24 0.0741863 -0.00397002
71 25 0.0741863 0.00397002
71 26 0.0741972 0.0118923
71 27 0.0742187 0.0197601
71 28 0.0742536 0.0275315
71 29 0.0743001 0.0351581
71 30 0.0743625 0.0425838
71 31 0.0744358 0.0497507
71 32 0.074533 0.0566134
71 33 0.0746371 0.0631635
71 34 0.0747724 0.069458
71 35 0.0748932 0.075632
71 36 0.0750625 0.0818829
71 37 0.0751697 0.0884105
71 38 0.075375 0.0953564
71 39 0.0754152 0.102757
71 40 0.0756939 0.110577
71 41 0.0755911 0.118722
71 42 0.076019 0.127138
71 43 0.0757341 0.135729
71 44 0.0761763 0.144518
71 45 0.0763423 0.153395
71 46 0.0749596 0.162453
71 47 0.0800038 0.171588
71 48 0.067146 0.18075
71 49 0 0
72 0 0 0
72 1 0.0685202 -0.180781
72 2 0.081696 -0.171665
72 3 0.0765171 -0.162516
72 4 0.0779463 -0.153488
72 5 0.0777825 -0.144606
72 6 0.0773308 -0.135833
72 7 0.0776353 -0.127243
72 8 0.0772033 -0.118839
72 9 0.0773219 -0.110699
72 10 0.0770484 -0.102888
72 11 0.0770221 -0.0954923
72 12 0.0768267 -0.0885506
72 13 0.0767314 -0.0820232
72 14 0.0765714 -0.0757686
72 15 0.0764605 -0.0695845
72 16 0.0763359 -0.0632747
72 17 0.0762422 -0.0567072
72 18 0.0761526 -0.0498288
72 19 0.0760854 -0.0426477
72 20 0.07603 -0.0352082
72 21 0.0759903 -0.0275685
72 22 0.075959 -0.0197853
72 23 0.0759395 -0.011907
72 24 0.0759307 -0.00397485
72 25 0.0759307 0.00397485
72 26 0.0759395 0.011907
72 27 0.075959 0.0197853
72 28 0.0759903 0.0275685
72 29 0.07603 0.0352082
72 30 0.0760854 0.0426477
72 31 0.0761526 0.0498288
72 32 0.0762422 0.0567072
72 33 0.0763359 0.0632747
72 34 0.0764605 0.0695845
72 35 0.0765714 0.0757686
72 36 0.0767314 0.0820232
72 37 0.0768267 0.0885506
72 38 0.0770221 0.0954923
72 39 0.0770484 0.102888
72 40 0.0773219 0.110699
72 41 0.0772033 0.118839
72 42 0.0776353 0.127243
72 43 0.0773308 0.135833
72 44 0.0777825 0.144606
72 45 0.0779463 0.153488
72 46 0.0765171 0.162516
72 47 0.081696 0.171665
72 48 0.0685202 0.180781
72 49 0 0
73 0 0 0
73 1 0.0699287 -0.1808
73 2 0.0834322 -0.171741
73 3 0.0780938 -0.162575
73 4 0.0795959 -0.153583
73 5 0.0794086 -0.144694
73 6 0.0789616 -0.135938
73 7 0.0792727 -0.127346
73 8 0.0788434 -0.11895
73 9 0.0789729 -0.110812
73 10 0.0787083 -0.10301
73 11 0.0786941 -0.0956203
73 12 0.0785118 -0.0886832
73 13 0.0784315 -0.0821541
73 14 0.0782858 -0.0758937
73 15 0.0781864 -0.0697007
73 16 0.0780717 -0.0633793
73 17 0.0779896 -0.0567962
73 18 0.0779117 -0.0499003
73 19 0.0778526 -0.0427038
73 20 0.0778019 -0.0352527
73 21 0.0777673 -0.0276026
73 22 0.0777416 -0.0198087
73 23 0.077725 -0.0119199
73 24 0.0777161 -0.00397884
73 25 0.0777161 0.00397884
73 26 0.077725 0.0119199
73 27 0.0777416 0.0198087
73 28 0.0777673 0.0276026
73 29 0.0778019 0.0352527
73 30 0.0778526 0.0427038
73 31 0.0779117 0.0499003
73 32 0.0779896 0.0567962
73 33 0.0780717 0.0633793
73 34 0.0781864 0.0697007
73 35 0.0782858 0.0758937
73 36 0.0784315 0.0821541
73 37 0.0785118 0.0886832
73 38 0.0786941 0.0956203
73 39 0.0787083 0.10301
73 40 0.0789729 0.110812
73 41 0.0788434 0.11895
73 42 0.0792727 0.127346
73 43 0.0789616 0.135938
73 44 0.0794086 0.144694
73 45 0.0795959 0.153583
73 46 0.0780938 0.162575
73 47 0.0834322 0.171741
73 48 0.0699287 0.1808
73 49 0 0
74 0 0 0
74 1 0.0714253 -0.180802
74 2 0.0852803 -0.171811
74 3 0.0797558 -0.162625
74 4 0.0813649 -0.153674
74 5 0.0811306 -0.144775
74 6 0.0807082 -0.136036
74 7 0.0810121 -0.12744
74 8 0.0805933 -0.119051
74 9 0.0807285 -0.110912
74 10 0.0804779 -0.103113
74 11 0.0804749 -0.0957269
74 12 0.080306 -0.0887959
74 13 0.080238 -0.0822687
74 14 0.0801087 -0.0760028
74 15 0.0800259 -0.0697977
74 16 0.0799237 -0.063464
74 17 0.079849 -0.05687
74 18 0.0797802 -0.0499624
74 19 0.0797323 -0.0427524
74 20 0.0796889 -0.0352885
74 21 0.0796566 -0.0276283
74 22 0.0796342 -0.0198269
74 23 0.0796211 -0.0119317
74 24 0.0796129 -0.00398317
74 25 0.0796129 0.00398317
74 26 0.0796211 0.0119317
74 27 0.0796342 0.0198269
74 28 0.0796566 0.0276283
74 29 0.0796889 0.0352885
74 30 0.0797323 0.0427524
74 31 0.0797802 0.0499624
74 32 0.079849 0.05687
74 33 0.0799237 0.063464
74 34 0.0800259 0.0697977
74 35 0.0801087 0.0760028
74 36 0.080238 0.0822687
74 37 0.080306 0.0887959
74 38 0.0804749 0.0957269
74 39 0.0804779 0.103113
74 40 0.0807285 0.110912
74 41 0.0805933 0.119051
74 42 0.0810121 0.12744
74 43 0.0807082 0.136036
74 44 0.0811306 0.144775
74 45 0.0813649 0.153674
74 46 0.0797558 0.162625
74 47 0.0852803 0.171811
74 48 0.0714253 0.180802
74 49 0 0
75 0 0 0
75 1 0.0730724 -0.180789
75 2 0.0873125 -0.171877
75 3 0.0815684 -0.162671
75 4 0.0833242 -0.153766
75 5 0.0830213 -0.144857
75 6 0.0826496 -0.136134
75 7 0.0829359 -0.127533
75 8 0.082538 -0.11915
75 9 0.0826717 -0.111011
75 10 0.082437 -0.103215
75 11 0.0824449 -0.0958281
75 12 0.0822944 -0.0888969
75 13 0.0822374 -0.0823711
75 14 0.0821187 -0.0761059
75 15 0.0820483 -0.0698935
75 16 0.0819638 -0.0635443
75 17 0.0819018 -0.0569342
75 18 0.0818377 -0.050016
75 19 0.0817942 -0.0427978
75 20 0.0817596 -0.0353244
75 21 0.0817335 -0.0276537
75 22 0.0817119 -0.0198435
75 23 0.0816995 -0.0119413
75 24 0.0816939 -0.00398638
75 25 0.0816939 0.00398638
75 26 0.0816995 0.0119413
75 27 0.0817119 0.0198435
75 28 0.0817335 0.0276537
75 29 0.0817596 0.0353244
75 30 0.0817942 0.0427978
75 31 0.0818377 0.050016
75 32 0.0819018 0.0569342
75 33 0.0819638 0.0635443
75 34 0.0820483 0.0698935
75 35 0.0821187 0.0761059
75 36 0.0822374 0.0823711
75 37 0.0822944 0.0888969
75 38 0.0824449 0.0958281
75 39 0.082437 0.103215
75 40 0.0826717 0.111011
75 41 0.082538 0.11915
75 42 0.0829359 0.127533
75 43 0.0826496 0.136134
75 44 0.0830213 0.144857
75 45 0.0833242 0.153766
75 46 0.0815684 0.162671
75 47 0.0873125 0.171877
75 48 0.0730724 0.180789
75 49 0 0
76 0 0 0
76 1 0.0749176 -0.180766
76 2 0.0895964 -0.17192
76 3 0.0835883 -0.162695
76 4 0.0855325 -0.153834
76 5 0.0851365 -0.144922
76 6 0.0848404 -0.136215
76 7 0.0851015 -0.127609
76 8 0.0847391 -0.119224
76 9 0.0848693 -0.111084
76 10 0.0846508 -0.103293
76 11 0.0846607 -0.0959118
76 12 0.0845265 -0.0889808
76 13 0.0844858 -0.0824478
76 14 0.0843817 -0.0761771
76 15 0.0843147 -0.0699635
76 16 0.084236 -0.0636111
76 17 0.0841887 -0.0569895
76 18 0.0841381 -0.0500564
76 19 0.0840965 -0.0428272
76 20 0.0840627 -0.0353485
76 21 0.0840427 -0.0276746
76 22 0.0840249 -0.0198588
76 23 0.0840123 -0.0119483
76 24 0.0840079 -0.00398774
76 25 0.0840079 0.00398774
76 26 0.0840123 0.0119483
76 27 0.0840249 0.0198588
76 28 0.0840427 0.0276746
76 29 0.0840627 0.0353485
76 30 0.0840965 0.0428272
76 31 0.0841381 0.0500564
76 32 0.0841887 0.0569895
76 33 0.084236 0.0636111
76 34 0.0843147 0.0699635
76 35 0.0843817 0.0761771
76 36 0.0844858 0.0824478
76 37 0.0845265 0.0889808
76 38 0.0846607 0.0959118
76 39 0.0846508 0.103293
76 40 0.0848693 0.111084
76 41 0.0847391 0.119224
76 42 0.0851015 0.127609
76 43 0.0848404 0.136215
76 44 0.0851365 0.144922
76 45 0.0855325 0.153834
76 46 0.0835883 0.162695
76 47 0.0895964 0.17192
76 48 0.0749176 0.180766
76 49 0 0
77 0 0 0
77 1 0.0770079 -0.180746
77 2 0.0921628 -0.171968
77 3 0.0858433 -0.16272
77 4 0.0880168 -0.153894
77 5 0.0875058 -0.144981
77 6 0.087306 -0.136294
77 7 0.0875299 -0.127692
77 8 0.0872094 -0.119313
77 9 0.0873373 -0.111165
77 10 0.0871453 -0.103369
77 11 0.0871563 -0.0959912
77 12 0.0870253 -0.0890722
77 13 0.0869867 -0.0825433
77 14 0.0869015 -0.0762611
77 15 0.0868504 -0.0700298
77 16 0.0867729 -0.0636688
77 17 0.0867212 -0.0570447
77 18 0.0866799 -0.0501059
77 19 0.0866509 -0.042865
77 20 0.0866187 -0.0353743
77 21 0.0865967 -0.0276916
77 22 0.086583 -0.0198715
77 23 0.086573 -0.0119578
77 24 0.0865671 -0.00399162
77 25 0.0865671 0.00399162
77 26 0.086573 0.0119578
77 27 0.086583 0.0198715
77 28 0.0865967 0.0276916
77 29 0.0866187 0.0353743
77 30 0.0866509 0.042865
77 31 0.0866799 0.0501059
77 32 0.0867212 0.0570447
77 33 0.0867729 0.0636688
77 34 0.0868504 0.0700298
77 35 0.0869015 0.0762611
77 36 0.0869867 0.0825433
77 37 0.0870253 0.0890722
77 38 0.0871563 0.0959912
77 39 0.0871453 0.103369
77 40 0.0873373 0.111165
77 41 0.0872094 0.119313
77 42 0.0875299 0.127692
77 43 0.087306 0.136294
77 44 0.0875058 0.144981
77 45 0.0880168 0.153894
77 46 0.0858433 0.16272
77 47 0.0921628 0.171968
77 48 0.0770079 0.180746
77 49 0 0
78 0 0 0
78 1 0.0793562 -0.180745
78 2 0.0950236 -0.171981
78 3 0.0883421 -0.162724
78 4 0.090767 -0.153924
78 5 0.0901215 -0.145007
78 6 0.0900378 -0.136326
78 7 0.0902198 -0.127724
78 8 0.0899419 -0.119358
78 9 0.0900522 -0.111222
78 10 0.0898816 -0.103428
78 11 0.0899039 -0.0960377
78 12 0.0897898 -0.0891133
78 13 0.08974 -0.0825953
78 14 0.0896439 -0.0763275
78 15 0.0896016 -0.0700918
78 16 0.0895455 -0.0637116
78 17 0.0894946 -0.057071
78 18 0.0894429 -0.0501281
78 19 0.0894166 -0.042889
78 20 0.0893944 -0.0353976
78 21 0.0893714 -0.0277069
78 22 0.0893576 -0.0198793
78 23 0.0893505 -0.0119642
78 24 0.0893439 -0.00399516
78 25 0.0893439 0.00399516
78 26 0.0893505 0.0119642
78 27 0.0893576 0.0198793
78 28 0.0893714 0.0277069
78 29 0.0893944 0.0353976
78 30 0.0894166 0.042889
78 31 0.0894429 0.0501281
78 32 0.0894946 0.057071
78 33 0.0895455 0.0637116
78 34 0.0896016 0.0700918
78 35 0.0896439 0.0763275
78 36 0.08974 0.0825953
78 37 0.0897898 0.0891133
78 38 0.0899039 0.0960377
78 39 0.0898816 0.103428
78 40 0.0900522 0.111222
78 41 0.0899419 0.119358
78 42 0.0902198 0.127724
78 43 0.0900378 0.136326
78 44 0.0901215 0.145007
78 45 0.090767 0.153924
78 46 0.0883421 0.162724
78 47 0.0950236 0.171981
78 48 0.0793562 0.180745
78 49 0 0
79 0 0 0
79 1 0.0819432 -0.180775
79 2 0.0981538 -0.172021
79 3 0.0910836 -0.162745
79 4 0.0937644 -0.153966
79 5 0.0929561 -0.145063
79 6 0.0929836 -0.136397
79 7 0.0931228 -0.127789
79 8 0.092905 -0.119416
79 9 0.0929995 -0.111285
79 10 0.0928298 -0.103518
79 11 0.0928336 -0.0961474
79 12 0.0927393 -0.0892138
79 13 0.0927104 -0.0826692
79 14 0.0926096 -0.0763923
79 15 0.0925368 -0.0701658
79 16 0.0924761 -0.0637903
79 17 0.0924449 -0.0571358
79 18 0.0923982 -0.0501712
79 19 0.0923587 -0.0429136
79 20 0.092337 -0.0354167
79 21 0.092319 -0.0277268
79 22 0.0923034 -0.0198942
79 23 0.0922942 -0.0119684
79 24 0.0922906 -0.00399472
79 25 0.0922906 0.00399472
79 26 0.0922942 0.0119684
79 27 0.0923034 0.0198942
79 28 0.092319 0.0277268
79 29 0.092337 0.0354167
79 30 0.0923587 0.0429136
79 31 0.0923982 0.0501712
79 32 0.0924449 0.0571358
79 33 0.0924761 0.0637903
79 34 0.0925368 0.0701658
79 35 0.0926096 0.0763923
79 36 0.0927104 0.0826692
79 37 0.0927393 0.0892138
79 38 0.0928336 0.0961474
79 39 0.0928298 0.103518
79 40 0.0929995 0.111285
79 41 0.092905 0.119416
79 42 0.0931228 0.127789
79 43 0.0929836 0.136397
79 44 0.0929561 0.145063
79 45 0.0937644 0.153966
79 46 0.0910836 0.162745
79 47 0.0981538 0.172021
79 48 0.0819432 0.180775
79 49 0 0
80 0 0 0
80 1 0.0847407 -0.180826
80 2 0.101511 -0.172038
80 3 0.0940351 -0.162743
80 4 0.0969891 -0.153945
80 5 0.0960069 -0.145035
80 6 0.0961315 -0.136392
80 7 0.0961945 -0.12781
80 8 0.0960175 -0.119445
80 9 0.0961135 -0.11129
80 10 0.0959798 -0.103509
80 11 0.0959543 -0.0961616
80 12 0.0958206 -0.0892753
80 13 0.0957816 -0.0827467
80 14 0.0957172 -0.076445
80 15 0.0956508 -0.0701873
80 16 0.0955538 -0.0638057
80 17 0.0955015 -0.0571613
80 18 0.0954697 -0.0502075
80 19 0.0954303 -0.0429442
80 20 0.0953997 -0.0354319
80 21 0.0953826 -0.0277362
80 22 0.0953691 -0.0199065
80 23 0.0953545 -0.0119753
80 24 0.0953548 -0.00399529
80 25 0.0953548 0.00399529
80 26 0.0953545 0.0119753
80 27 0.0953691 0.0199065
80 28 0.0953826 0.0277362
80 29 0.0953997 0.0354319
80 30 0.0954303 0.0429442
80 31 0.0954697 0.0502075
80 32 0.0955015 0.0571613
80 33 0.0955538 0.0638057
80 34 0.0956508 0.0701873
80 35 0.0957172 0.076445
80 36 0.0957816 0.0827467
80 37 0.0958206 0.0892753
80 38 0.0959543 0.0961616
80 39 0.0959798 0.103509
80 40 0.0961135 0.11129
80 41 0.0960175 0.119445
80 42 0.0961945 0.12781
80 43 0.0961315 0.136392
80 44 0.0960069 0.145035
80 45 0.0969891 0.153945
80 46 0.0940351 0.162743
80 47 0.101511 0.172038
80 48 0.0847407 0.180826
80 49 0 0
81 0 0 0
81 1 0.0877778 -0.180906
81 2 0.105048 -0.17214
81 3 0.0971768 -0.162834
81 4 0.100367 -0.154048
81 5 0.0992209 -0.14511
81 6 0.0994747 -0.136446
81 7 0.0994637 -0.127867
81 8 0.0992885 -0.119553
81 9 0.0993227 -0.111446
81 10 0.0992161 -0.103657
81 11 0.0992305 -0.0962562
81 12 0.099104 -0.0893501
81 13 0.0989923 -0.0828555
81 14 0.0988825 -0.0765921
81 15 0.0988446 -0.0703269
81 16 0.0987729 -0.0639063
81 17 0.098687 -0.0572159
81 18 0.0986344 -0.0502411
81 19 0.098599 -0.042981
81 20 0.0985647 -0.035468
81 21 0.0985349 -0.0277531
81 22 0.0985259 -0.0199137
81 23 0.0985083 -0.0119864
81 24 0.0985058 -0.00400178
81 25 0.0985058 0.00400178
81 26 0.0985083 0.0119864
81 27 0.0985259 0.0199137
81 28 0.0985349 0.0277531
81 29 0.0985647 0.035468
81 30 0.098599 0.042981
81 31 0.0986344 0.0502411
81 32 0.098687 0.0572159
81 33 0.0987729 0.0639063
81 34 0.0988446 0.0703269
81 35 0.0988825 0.0765921
81 36 0.0989923 0.0828555
81 37 0.099104 0.0893501
81 38 0.0992305 0.0962562
81 39 0.0992161 0.103657
81 40 0.0993227 0.111446
81 41 0.0992885 0.119553
81 42 0.0994637 0.127867
81 43 0.0994747 0.136446
81 44 0.0992209 0.14511
81 45 0.100367 0.154048
81 46 0.0971768 0.162834
81 47 0.105048 0.17214
81 48 0.0877778 0.180906
81 49 0 0
82 0 0 0
82 1 0.090887 -0.181019
82 2 0.108822 -0.17209
82 3 0.100544 -0.162792
82 4 0.103938 -0.154011
82 5 0.102586 -0.145114
82 6 0.102925 -0.136458
82 7 0.102873 -0.127817
82 8 0.102781 -0.119454
82 9 0.102753 -0.111376
82 10 0.10256 -0.103687
82 11 0.102521 -0.0963471
82 12 0.102464 -0.0894096
82 13 0.102402 -0.0828498
82 14 0.102228 -0.0765745
82 15 0.102107 -0.0703413
82 16 0.102047 -0.0639668
82 17 0.101977 -0.0572886
82 18 0.101903 -0.0502878
82 19 0.101851 -0.0430008
82 20 0.101826 -0.0354946
82 21 0.101778 -0.0277803
82 22 0.101769 -0.0199236
82 23 0.101755 -0.0119911
82 24 0.101744 -0.0040055
82 25 0.101744 0.0040055
82 26 0.101755 0.0119911
82 27 0.101769 0.0199236
82 28 0.101778 0.0277803
82 29 0.101826 0.0354946
82 30 0.101851 0.0430008
82 31 0.101903 0.0502878
82 32 0.101977 0.0572886
82 33 0.102047 0.0639668
82 34 0.102107 0.0703413
82 35 0.102228 0.0765745
82 36 0.102402 0.0828498
82 37 0.102464 0.0894096
82 38 0.102521 0.0963471
82 39 0.10256 0.103687
82 40 0.102753 0.111376
82 41 0.102781 0.119454
82 42 0.102873 0.127817
82 43 0.102925 0.136458
82 44 0.102586 0.145114
82 45 0.103938 0.154011
82 46 0.100544 0.162792
82 47 0.108822 0.17209
82 48 0.090887 0.181019
82 49 0 0
83 0 0 0
83 1 0.0942207 -0.181108
83 2 0.112693 -0.172383
83 3 0.104047 -0.162959
83 4 0.107749 -0.154125
83 5 0.106211 -0.145217
83 6 0.106571 -0.136645
83 7 0.106367 -0.128106
83 8 0.106318 -0.119737
83 9 0.106361 -0.111535
83 10 0.106229 -0.103772
83 11 0.10606 -0.0964979
83 12 0.105861 -0.089677
83 13 0.105831 -0.083146
83 14 0.105757 -0.0768143
83 15 0.105602 -0.0704794
83 16 0.105469 -0.0640383
83 17 0.105392 -0.0573556
83 18 0.105325 -0.0503751
83 19 0.105232 -0.043057
83 20 0.105215 -0.0355191
83 21 0.105158 -0.0278125
83 22 0.105136 -0.0199526
83 23 0.105122 -0.0119997
83 24 0.105111 -0.00400512
83 25 0.105111 0.00400512
83 26 0.105122 0.0119997
83 27 0.105136 0.0199526
83 28 0.105158 0.0278125
83 29 0.105215 0.0355191
83 30 0.105232 0.043057
83 31 0.105325 0.0503751
83 32 0.105392 0.0573556
83 33 0.105469 0.0640383
83 34 0.105602 0.0704794
83 35 0.105757 0.0768143
83 36 0.105831 0.083146
83 37 0.105861 0.089677
83 38 0.10606 0.0964979
83 39 0.106229 0.103772
83 40 0.106361 0.111535
83 41 0.106318 0.119737
83 42 0.106367 0.128106
83 43 0.106571 0.136645
83 44 0.106211 0.145217
83 45 0.107749 0.154125
83 46 0.104047 0.162959
83 47 0.112693 0.172383
83 48 0.0942207 0.181108
83 49 0 0
84 0 0 0
84 1 0.0977939 -0.1812
84 2 0.116799 -0.172261
84 3 0.107716 -0.162957
84 4 0.111641 -0.15414
84 5 0.10998 -0.145088
84 6 0.110571 -0.136388
84 7 0.110253 -0.12787
84 8 0.110046 -0.119682
84 9 0.109936 -0.111634
84 10 0.109919 -0.103824
84 11 0.109927 -0.0963841
84 12 0.109666 -0.0895109
84 13 0.109424 -0.0830531
84 14 0.109313 -0.0768618
84 15 0.109234 -0.0706152
84 16 0.109095 -0.0641676
84 17 0.108955 -0.0574081
84 18 0.108927 -0.0504263
84 19 0.108795 -0.0431319
84 20 0.10877 -0.0355586
84 21 0.10872 -0.0278294
84 22 0.108683 -0.0199752
84 23 0.10866 -0.0120133
84 24 0.108656 -0.00400675
84 25 0.108656 0.00400675
84 26 0.10866 0.0120133
84 27 0.108683 0.0199752
84 28 0.10872 0.0278294
84 29 0.10877 0.0355586
84 30 0.108795 0.0431319
84 31 0.108927 0.0504263
84 32 0.108955 0.0574081
84 33 0.109095 0.0641676
84 34 0.109234 0.0706152
84 35 0.109313 0.0768618
84 36 0.109424 0.0830531
84 37 0.109666 0.0895109
84 38 0.109927 0.0963841
84 39 0.109919 0.103824
84 40 0.109936 0.111634
84 41 0.110046 0.119682
84 42 0.110253 0.12787
84 43 0.110571 0.136388
84 44 0.10998 0.145088
84 45 0.111641 0.15414
84 46 0.107716 0.162957
84 47 0.116799 0.172261
84 48 0.0977939 0.1812
84 49 0 0
85 0 0 0
85 1 0.101387 -0.181385
85 2 0.121238 -0.172559
85 3 0.111786 -0.163165
85 4 0.115768 -0.154489
85 5 0.113824 -0.145653
85 6 0.114517 -0.136985
85 7 0.114327 -0.128205
85 8 0.114345 -0.119808
85 9 0.11406 -0.111855
85 10 0.113681 -0.104318
85 11 0.113669 -0.0970041
85 12 0.11368 -0.0900577
85 13 0.113504 -0.0833775
85 14 0.113226 -0.0770032
85 15 0.113071 -0.0706924
85 16 0.113007 -0.0643285
85 17 0.112764 -0.0575525
85 18 0.112758 -0.0504845
85 19 0.112619 -0.0432019
85 20 0.112557 -0.0356398
85 21 0.112511 -0.027873
85 22 0.112475 -0.0200004
85 23 0.112438 -0.0120374
85 24 0.112436 -0.0040173
85 25 0.112436 0.0040173
85 26 0.112438 0.0120374
85 27 0.112475 0.0200004
85 28 0.112511 0.027873
85 29 0.112557 0.0356398
85 30 0.112619 0.0432019
85 31 0.112758 0.0504845
85 32 0.112764 0.0575525
85 33 0.113007 0.0643285
85 34 0.113071 0.0706924
85 35 0.113226 0.0770032
85 36 0.113504 0.0833775
85 37 0.11368 0.0900577
85 38 0.113669 0.0970041
85 39 0.113681 0.104318
85 40 0.11406 0.111855
85 41 0.114345 0.119808
85 42 0.114327 0.128205
85 43 0.114517 0.136985
85 44 0.113824 0.145653
85 45 0.115768 0.154489
85 46 0.111786 0.163165
85 47 0.121238 0.172559
85 48 0.101387 0.181385
85 49 0 0
86 0 0 0
86 1 0.105047 -0.181427
86 2 0.125872 -0.17245
86 3 0.115841 -0.162884
86 4 0.120487 -0.153853
86 5 0.118342 -0.145041
86 6 0.118744 -0.136661
86 7 0.118231 -0.128259
86 8 0.11841 -0.119822
86 9 0.118599 -0.11146
86 10 0.118285 -0.103714
86 11 0.11784 -0.0965135
86 12 0.117588 -0.0899088
86 13 0.117589 -0.0835171
86 14 0.117448 -0.077286
86 15 0.117112 -0.0708158
86 16 0.117167 -0.0643896
86 17 0.116864 -0.0577058
86 18 0.116828 -0.0505892
86 19 0.116722 -0.04324
86 20 0.116634 -0.035693
86 21 0.116565 -0.0279206
86 22 0.11654 -0.0200196
86 23 0.116497 -0.0120498
86 24 0.116486 -0.00402453
86 25 0.116486 0.00402453
86 26 0.116497 0.0120498
86 27 0.11654 0.0200196
86 28 0.116565 0.0279206
86 29 0.116634 0.035693
86 30 0.116722 0.04324
86 31 0.116828 0.0505892
86 32 0.116864 0.0577058
86 33 0.117167 0.0643896
86 34 0.117112 0.0708158
86 35 0.117448 0.077286
86 36 0.117589 0.0835171
86 37 0.117588 0.0899088
86 38 0.11784 0.0965135
86 39 0.118285 0.103714
86 40 0.118599 0.11146
86 41 0.11841 0.119822
86 42 0.118231 0.128259
86 43 0.118744 0.136661
86 44 0.118342 0.145041
86 45 0.120487 0.153853
86 46 0.115841 0.162884
86 47 0.125872 0.17245
86 48 0.105047 0.181427
86 49 0 0
87 0 0 0
87 1 0.109989 -0.181568
87 2 0.130394 -0.173397
87 3 0.119965 -0.163899
87 4 0.124842 -0.155156
87 5 0.122837 -0.145768
87 6 0.123862 -0.136873
87 7 0.123217 -0.12861
87 8 0.122562 -0.120762
87 9 0.122523 -0.112796
87 10 0.122775 -0.105002
87 11 0.122805 -0.0973036
87 12 0.122295 -0.0902356
87 13 0.121942 -0.0835144
87 14 0.122057 -0.0774702
87 15 0.121489 -0.0711106
87 16 0.121586 -0.0644906
87 17 0.121308 -0.0578101
87 18 0.121188 -0.0507584
87 19 0.121093 -0.0433475
87 20 0.121021 -0.0357631
87 21 0.120918 -0.0279968
87 22 0.120892 -0.020075
87 23 0.120855 -0.0120756
87 24 0.120834 -0.00403199
87 25 0.120834 0.00403199
87 26 0.120855 0.0120756
87 27 0.120892 0.020075
87 28 0.120918 0.0279968
87 29 0.121021 0.0357631
87 30 0.121093 0.0433475
87 31 0.121188 0.0507584
87 32 0.121308 0.0578101
87 33 0.121586 0.0644906
87 34 0.121489 0.0711106
87 35 0.122057 0.0774702
87 36 0.121942 0.0835144
87 37 0.122295 0.0902356
87 38 0.122805 0.0973036
87 39 0.122775 0.105002
87 40 0.122523 0.112796
87 41 0.122562 0.120762
87 42 0.123217 0.12861
87 43 0.123862 0.136873
87 44 0.122837 0.145768
87 45 0.124842 0.155156
87 46 0.119965 0.163899
87 47 0.130394 0.173397
87 48 0.109989 0.181568
87 49 0 0
88 0 0 0
88 1 0.113275 -0.18193
88 2 0.136283 -0.171421
88 3 0.125337 -0.162676
88 4 0.129496 -0.154111
88 5 0.126888 -0.145579
88 6 0.128041 -0.136768
88 7 0.128423 -0.127529
88 8 0.128277 -0.119023
88 9 0.127565 -0.111165
88 10 0.126842 -0.104128
88 11 0.12706 -0.0971364
88 12 0.127231 -0.0907579
88 13 0.126422 -0.0838268
88 14 0.126838 -0.0774799
88 15 0.126191 -0.0713564
88 16 0.126196 -0.0647171
88 17 0.126019 -0.0578698
88 18 0.12586 -0.0508448
88 19 0.125712 -0.0434455
88 20 0.125672 -0.0358063
88 21 0.125558 -0.0280265
88 22 0.125511 -0.0201059
88 23 0.125476 -0.0120899
88 24 0.125456 -0.00403382
88 25 0.125456 0.00403382
88 26 0.125476 0.0120899
88 27 0.125511 0.0201059
88 28 0.125558 0.0280265
88 29 0.125672 0.0358063
88 30 0.125712 0.0434455
88 31 0.12586 0.0508448
88 32 0.126019 0.0578698
88 33 0.126196 0.0647171
88 34 0.126191 0.0713564
88 35 0.126838 0.0774799
88 36 0.126422 0.0838268
88 37 0.127231 0.0907579
88 38 0.12706 0.0971364
88 39 0.126842 0.104128
88 40 0.127565 0.111165
88 41 0.128277 0.119023
88 42 0.128423 0.127529
88 43 0.128041 0.136768
88 44 0.126888 0.145579
88 45 0.129496 0.154111
88 46 0.125337 0.162676
88 47 0.136283 0.171421
88 48 0.113275 0.18193
88 49 0 0
89 0 0 0
89 1 0.117802 -0.181958
89 2 0.141021 -0.175114
89 3 0.129867 -0.16425
89 4 0.135583 -0.154613
89 5 0.133188 -0.146334
89 6 0.132358 -0.138641
89 7 0.131948 -0.130459
89 8 0.132669 -0.122154
89 9 0.133549 -0.113158
89 10 0.132808 -0.105085
89 11 0.131804 -0.0969137
89 12 0.132633 -0.0907178
89 13 0.131307 -0.0843353
89 14 0.131774 -0.0776316
89 15 0.131262 -0.0714444
89 16 0.131068 -0.0650068
89 17 0.130908 -0.0580764
89 18 0.13081 -0.0509759
89 19 0.130592 -0.0436079
89 20 0.130546 -0.0359443
89 21 0.130449 -0.0281185
89 22 0.130387 -0.020177
89 23 0.130343 -0.0121371
89 24 0.13033 -0.00404919
89 25 0.13033 0.00404919
89 26 0.130343 0.0121371
89 27 0.130387 0.020177
89 28 0.130449 0.0281185
89 29 0.130546 0.0359443
89 30 0.130592 0.0436079
89 31 0.13081 0.0509759
89 32 0.130908 0.0580764
89 33 0.131068 0.0650068
89 34 0.131262 0.0714444
89 35 0.131774 0.0776316
89 36 0.131307 0.0843353
89 37 0.132633 0.0907178
89 38 0.131804 0.0969137
89 39 0.132808 0.105085
89 40 0.133549 0.113158
89 41 0.132669 0.122154
89 42 0.131948 0.130459
89 43 0.132358 0.138641
89 44 0.133188 0.146334
89 45 0.135583 0.154613
89 46 0.129867 0.16425
89 47 0.141021 0.175114
89 48 0.117802 0.181958
89 49 0 0
90 0 0 0
90 1 0.124573 -0.182089
90 2 0.145959 -0.171471
90 3 0.13362 -0.163368
90 4 0.139479 -0.154355
90 5 0.13875 -0.143802
90 6 0.139592 -0.134217
90 7 0.138586 -0.125966
90 8 0.136458 -0.119233
90 9 0.136824 -0.111628
90 10 0.138367 -0.105822
90 11 0.136367 -0.0977716
90 12 0.137897 -0.0905612
90 13 0.136536 -0.0846329
90 14 0.136728 -0.0780824
90 15 0.136472 -0.0715211
90 16 0.136233 -0.0651132
90 17 0.135949 -0.0582445
90 18 0.135925 -0.0510392
90 19 0.135694 -0.0436427
90 20 0.135603 -0.0359906
90 21 0.135513 -0.028143
90 22 0.13545 -0.0201858
90 23 0.135393 -0.0121458
90 24 0.135379 -0.00405353
90 25 0.135379 0.00405353
90 26 0.135393 0.0121458
90 27 0.13545 0.0201858
90 28 0.135513 0.028143
90 29 0.135603 0.0359906
90 30 0.135694 0.0436427
90 31 0.135925 0.0510392
90 32 0.135949 0.0582445
90 33 0.136233 0.0651132
90 34 0.136472 0.0715211
90 35 0.136728 0.0780824
90 36 0.136536 0.0846329
90 37 0.137897 0.0905612
90 38 0.136367 0.0977716
90 39 0.138367 0.105822
90 40 0.136824 0.111628
90 41 0.136458 0.119233
90 42 0.138586 0.125966
90 43 0.139592 0.134217
90 44 0.13875 0.143802
90 45 0.139479 0.154355
90 46 0.13362 0.163368
90 47 0.145959 0.171471
90 48 0.124573 0.182089
90 49 0 0
91 0 0 0
91 1 0.127877 -0.183356
91 2 0.152435 -0.173769
91 3 0.143021 -0.165349
91 4 0.143421 -0.158493
91 5 0.140905 -0.150268
91 6 0.142491 -0.1421
91 7 0.145364 -0.131036
91 8 0.144897 -0.122226
91 9 0.141827 -0.111249
91 10 0.144748 -0.104883
91 11 0.141567 -0.0984809
91 12 0.143085 -0.0907774
91 13 0.142188 -0.084567
91 14 0.141925 -0.0785126
91 15 0.141678 -0.0718769
91 16 0.141608 -0.0653218
91 17 0.141183 -0.058542
91 18 0.141142 -0.0513184
91 19 0.140957 -0.0438531
91 20 0.140836 -0.0361824
91 21 0.140733 -0.0283042
91 22 0.140678 -0.020297
91 23 0.140618 -0.0122131
91 24 0.140599 -0.00407726
91 25 0.140599 0.00407726
91 26 0.140618 0.0122131
91 27 0.140678 0.020297
91 28 0.140733 0.0283042
91 29 0.140836 0.0361824
91 30 0.140957 0.0438531
91 31 0.141142 0.0513184
91 32 0.141183 0.058542
91 33 0.141608 0.0653218
91 34 0.141678 0.0718769
91 35 0.141925 0.0785126
91 36 0.142188 0.084567
91 37 0.143085 0.0907774
91 38 0.141567 0.0984809
91 39 0.144748 0.104883
91 40 0.141827 0.111249
91 41 0.144897 0.122226
91 42 0.145364 0.131036
91 43 0.142491 0.1421
91 44 0.140905 0.150268
91 45 0.143421 0.158493
91 46 0.143021 0.165349
91 47 0.152435 0.173769
91 48 0.127877 0.183356
91 49 0 0
92 0 0 0
92 1 0.128362 -0.181388
92 2 0.158157 -0.171183
92 3 0.147485 -0.160428
92 4 0.153196 -0.147628
92 5 0.151487 -0.139364
92 6 0.14583 -0.134131
92 7 0.144878 -0.125161
92 8 0.150755 -0.122586
92 9 0.145731 -0.113589
92 10 0.150177 -0.104397
92 11 0.147285 -0.0986083
92 12 0.148036 -0.0915904
92 13 0.147722 -0.0845889
92 14 0.147458 -0.0785454
92 15 0.146938 -0.0721199
92 16 0.147027 -0.0653728
92 17 0.146598 -0.0585306
92 18 0.146464 -0.051338
92 19 0.146299 -0.0438345
92 20 0.146175 -0.0361422
92 21 0.146042 -0.0282749
92 22 0.145983 -0.020273
92 23 0.145923 -0.0121949
92 24 0.145896 -0.00407072
92 25 0.145896 0.00407072
92 26 0.145923 0.0121949
92 27 0.145983 0.020273
92 28 0.146042 0.0282749
92 29 0.146175 0.0361422
92 30 0.146299 0.0438345
92 31 0.146464 0.051338
92 32 0.146598 0.0585306
92 33 0.147027 0.0653728
92 34 0.146938 0.0721199
92 35 0.147458 0.0785454
92 36 0.147722 0.0845889
92 37 0.148036 0.0915904
92 38 0.147285 0.0986083
92 39 0.150177 0.104397
92 40 0.145731 0.113589
92 41 0.150755 0.122586
92 42 0.144878 0.125161
92 43 0.14583 0.134131
92 44 0.151487 0.139364
92 45 0.153196 0.147628
92 46 0.147485 0.160428
92 47 0.158157 0.171183
92 48 0.128362 0.181388
92 49 0 0
93 0 0 0
93 1 0.151904 -0.183051
93 2 0.157684 -0.18517
93 3 0.147638 -0.172723
93 4 0.152157 -0.168366
93 5 0.15749 -0.151896
93 6 0.159836 -0.143003
93 7 0.150841 -0.126094
93 8 0.159023 -0.119609
93 9 0.151066 -0.114365
93 10 0.155194 -0.104842
93 11 0.153618 -0.0982088
93 12 0.153348 -0.0922076
93 13 0.153008 -0.085222
93 14 0.153177 -0.0789051
93 15 0.152376 -0.0726783
93 16 0.152415 -0.0659344
93 17 0.152099 -0.0589966
93 18 0.151908 -0.051802
93 19 0.151721 -0.0442595
93 20 0.151623 -0.0364892
93 21 0.151482 -0.0285559
93 22 0.151415 -0.0204815
93 23 0.151359 -0.0123198
93 24 0.151331 -0.0041119
93 25 0.151331 0.0041119
93 26 0.151359 0.0123198
93 27 0.151415 0.0204815
93 28 0.151482 0.0285559
93 29 0.151623 0.0364892
93 30 0.151721 0.0442595
93 31 0.151908 0.051802
93 32 0.152099 0.0589966
93 33 0.152415 0.0659344
93 34 0.152376 0.0726783
93 35 0.153177 0.0789051
93 36 0.153008 0.085222
93 37 0.153348 0.0922076
93 38 0.153618 0.0982088
93 39 0.155194 0.104842
93 40 0.151066 0.114365
93 41 0.159023 0.119609
93 42 0.150841 0.126094
93 43 0.159836 0.143003
93 44 0.15749 0.151896
93 45 0.152157 0.168366
93 46 0.147638 0.172723
93 47 0.157684 0.18517
93 48 0.151904 0.183051
93 49 0 0
94 0 0 0
94 1 0.138356 -0.184035
94 2 0.176353 -0.149278
94 3 0.168519 -0.150644
94 4 0.156086 -0.14755
94 5 0.147184 -0.133658
94 6 0.165226 -0.14028
94 7 0.152821 -0.132004
94 8 0.163889 -0.118507
94 9 0.157578 -0.113544
94 10 0.15967 -0.106064
94 11 0.159236 -0.0976553
94 12 0.159189 -0.0915858
94 13 0.158281 -0.0852572
94 14 0.158755 -0.078625
94 15 0.15802 -0.0723045
94 16 0.157887 -0.0656754
94 17 0.157623 -0.0586719
94 18 0.15743 -0.0514462
94 19 0.157183 -0.0439479
94 20 0.157076 -0.0362105
94 21 0.15693 -0.0283208
94 22 0.156844 -0.0203098
94 23 0.156781 -0.0122148
94 24 0.156753 -0.00407599
94 25 0.156753 0.00407599
94 26 0.156781 0.0122148
94 27 0.156844 0.0203098
94 28 0.15693 0.0283208
94 29 0.157076 0.0362105
94 30 0.157183 0.0439479
94 31 0.15743 0.0514462
94 32 0.157623 0.0586719
94 33 0.157887 0.0656754
94 34 0.15802 0.0723045
94 35 0.158755 0.078625
94 36 0.158281 0.0852572
94 37 0.159189 0.0915858
94 38 0.159236 0.0976553
94 39 0.15967 0.106064
94 40 0.157578 0.113544
94 41 0.163889 0.118507
94 42 0.152821 0.132004
94 43 0.165226 0.14028
94 44 0.147184 0.133658
94 45 0.156086 0.14755
94 46 0.168519 0.150644
94 47 0.176353 0.149278
94 48 0.138356 0.184035
94 49 0 0
95 0 0 0
95 1 0.149304 -0.174357
95 2 0.168558 -0.217197
95 3 0.167428 -0.176732
95 4 0.182337 -0.172196
95 5 0.157533 -0.142656
95 6 0.178934 -0.135003
95 7 0.157998 -0.133193
95 8 0.168382 -0.12054
95 9 0.165076 -0.113675
95 10 0.164829 -0.107679
95 11 0.164328 -0.0995046
95 12 0.165336 -0.0928945
95 13 0.163834 -0.086825
95 14 0.164195 -0.0801738
95 15 0.163718 -0.07371
95 16 0.163462 -0.0670914
95 17 0.163164 -0.0600113
95 18 0.163039 -0.0526415
95 19 0.162783 -0.0450132
95 20 0.162668 -0.0371115
95 21 0.162541 -0.0290311
95 22 0.162454 -0.0208265
95 23 0.162389 -0.0125287
95 24 0.162365 -0.00418058
95 25 0.162365 0.00418058
95 26 0.162389 0.0125287
95 27 0.162454 0.0208265
95 28 0.162541 0.0290311
95 29 0.162668 0.0371115
95 30 0.162783 0.0450132
95 31 0.163039 0.0526415
95 32 0.163164 0.0600113
95 33 0.163462 0.0670914
95 34 0.163718 0.07371
95 35 0.164195 0.0801738
95 36 0.163834 0.086825
95 37 0.165336 0.0928945
95 38 0.164328 0.0995046
95 39 0.164829 0.107679
95 40 0.165076 0.113675
95 41 0.168382 0.12054
95 42 0.157998 0.133193
95 43 0.178934 0.135003
95 44 0.157533 0.142656
95 45 0.182337 0.172196
95 46 0.167428 0.176732
95 47 0.168558 0.217197
95 48 0.149304 0.174357
95 49 0 0
96 0 0 0
96 1 0.203768 -0.174526
96 2 0.180959 -0.147965
96 3 0.136886 -0.130012
96 4 0.183083 -0.156525
96 5 0.156931 -0.155207
96 6 0.179585 -0.131417
96 7 0.167241 -0.127745
96 8 0.171623 -0.121227
96 9 0.1703 -0.109418
96 10 0.171025 -0.103345
96 11 0.169407 -0.097129
96 12 0.170726 -0.0899905
96 13 0.169642 -0.0839529
96 14 0.169682 -0.077898
96 15 0.169338 -0.0714121
96 16 0.16912 -0.064852
96 17 0.168722 -0.0580017
96 18 0.168573 -0.0508019
96 19 0.168309 -0.043379
96 20 0.168144 -0.0357482
96 21 0.167999 -0.027947
96 22 0.167902 -0.0200376
96 23 0.167825 -0.0120527
96 24 0.167796 -0.00402182
96 25 0.167796 0.00402182
96 26 0.167825 0.0120527
96 27 0.167902 0.0200376
96 28 0.167999 0.027947
96 29 0.168144 0.0357482
96 30 0.168309 0.043379
96 31 0.168573 0.0508019
96 32 0.168722 0.0580017
96 33 0.16912 0.064852
96 34 0.169338 0.0714121
96 35 0.169682 0.077898
96 36 0.169642 0.0839529
96 37 0.170726 0.0899905
96 38 0.169407 0.097129
96 39 0.171025 0.103345
96 40 0.1703 0.109418
96 41 0.171623 0.121227
96 42 0.167241 0.127745
96 43 0.179585 0.131417
96 44 0.156931 0.155207
96 45 0.183083 0.156525
96 46 0.136886 0.130012
96 47 0.180959 0.147965
96 48 0.203768 0.174526
96 49 0 0
97 0 0 0
97 1 0.156124 -0.201987
97 2 0.251282 -0.248057
97 3 0.150931 -0.173988
97 4 0.221149 -0.157942
97 5 0.152787 -0.162553
97 6 0.187722 -0.140135
97 7 0.17528 -0.136994
97 8 0.176793 -0.128697
97 9 0.17466 -0.118991
97 10 0.178568 -0.111582
97 11 0.174748 -0.10492
97 12 0.176497 -0.0971352
97 13 0.175618 -0.0907608
97 14 0.17546 -0.0842377
97 15 0.174999 -0.0773989
97 16 0.174975 -0.0703802
97 17 0.174514 -0.0630628
97 18 0.174399 -0.0552895
97 19 0.17418 -0.047256
97 20 0.174029 -0.0389716
97 21 0.17389 -0.0304835
97 22 0.173812 -0.0218607
97 23 0.173737 -0.0131539
97 24 0.173709 -0.00439015
97 25 0.173709 0.00439015
97 26 0.173737 0.0131539
97 27 0.173812 0.0218607
97 28 0.17389 0.0304835
97 29 0.174029 0.0389716
97 30 0.17418 0.047256
97 31 0.174399 0.0552895
97 32 0.174514 0.0630628
97 33 0.174975 0.0703802
97 34 0.174999 0.0773989
97 35 0.17546 0.0842377
97 36 0.175618 0.0907608
97 37 0.176497 0.0971352
97 38 0.174748 0.10492
97 39 0.178568 0.111582
97 40 0.17466 0.118991
97 41 0.176793 0.128697
97 42 0.17528 0.136994
97 43 0.187722 0.140135
97 44 0.152787 0.162553
97 45 0.221149 0.157942
97 46 0.150931 0.173988
97 47 0.251282 0.248057
97 48 0.156124 0.201987
97 49 0 0
98 0 0 0
98 1 0.137122 -0.136556
98 2 0.201837 -0.151903
98 3 0.17456 -0.19725
98 4 0.173797 -0.141061
98 5 0.183296 -0.125138
98 6 0.182316 -0.137131
98 7 0.18053 -0.11069
98 8 0.182454 -0.10677
98 9 0.181264 -0.101929
98 10 0.18124 -0.0933094
98 11 0.181413 -0.0868991
98 12 0.181114 -0.0824619
98 13 0.180998 -0.0761291
98 14 0.180883 -0.0707283
98 15 0.18053 -0.065193
98 16 0.180234 -0.0591673
98 17 0.179953 -0.0528783
98 18 0.179653 -0.0464209
98 19 0.179406 -0.0396077
98 20 0.17921 -0.0326355
98 21 0.179045 -0.0255262
98 22 0.178924 -0.0183006
98 23 0.178847 -0.0110025
98 24 0.178807 -0.0036735
98 25 0.178807 0.0036735
98 26 0.178847 0.0110025
98 27 0.178924 0.0183006
98 28 0.179045 0.0255262
98 29 0.17921 0.0326355
98 30 0.179406 0.0396077
98 31 0.179653 0.0464209
98 32 0.179953 0.0528783
98 33 0.180234 0.0591673
98 34 0.18053 0.065193
98 35 0.180883 0.0707283
98 36 0.180998 0.0761291
98 37 0.181114 0.0824619
98 38 0.181413 0.0868991
98 39 0.18124 0.0933094
98 40 0.181264 0.101929
98 41 0.182454 0.10677
98 42 0.18053 0.11069
98 43 0.182316 0.137131
98 44 0.183296 0.125138
98 45 0.173797 0.141061
98 46 0.17456 0.19725
98 47 0.201837 0.151903
98 48 0.137122 0.136556
98 49 0 0
99 0 0 0
99 1 0 0
99 2 0 0
99 3 0 0
99 4 0 0
99 5 0 0
99 6 0 0
99 7 0 0
99 8 0 0
99 9 0 0
99 10 0 0
99 11 0 0
99 12 0 0
99 13 0 0
99 14 0 0
99 15 0 0
99 16 0 0
99 17 0 0
99 18 0 0
99 19 0 0
99 20 0 0
99 21 0 0
99 22 0 0
99 23 0 0
99 24 0 0
99 25 0 0
99 26 0 0
99 27 0 0
99 28 0 0
99 29 0 0
99 30 0 0
99 31 0 0
99 32 0 0
99 33 0 0
99 34 0 0
99 35 0 0
99 36 0 0
99 37 0 0
99 38 0 0
99 39 0 0
99 40 0 0
99 41 0 0
99 42 0 0
99 43 0 0
99 44 0 0
99 45 0 0
99 46 0 0
99 47 0 0
99 48 0 0
99 49 0 0
